ItemCode,ItemDescription,Manufacturer,Brand,CategoryName,Format,Attr1,Attr2,Attr3,Segment,TotalUnitSales,TotalValueSales,AvgWeeklySales,Region_TOTAL AUTOS AREA 1,Region_TOTAL AUTOS AREA 2,Region_TOTAL AUTOS AREA 3,Region_TOTAL AUTOS AREA 4,Region_TOTAL AUTOS AREA 5,Region_TOTAL AUTOS AREA 6,Region_TOTAL AUTOS SCANNING MEXICO,Cluster
0000075000592,CLORALEX EL RENDIDOR BOT.PLAST. 250ML NAL. 0000075000592,INDS. ALEN,CLORALEX,"FABRIC TREATMENT and SANIT
",LIQUIDO,CLORO,CLORO,NO DEFINIDO,BLEACH,6.042,24.663,4.860488505747127,6.842,0.26,0.036,1.026,0.20800000000000002,3.964,12.327,0
0000075000608,CLORALEX EL RENDIDOR BOT.PLAST. 500ML NAL. 0000075000608,INDS. ALEN,CLORALEX,"FABRIC TREATMENT and SANIT
",LIQUIDO,CLORO,CLORO,NO DEFINIDO,BLEACH,1423.786,12423.156,35.16659725400458,2007.354,2509.695,242.517,110.527,334.793,1006.697,6211.573,0
0000075000615,CLORALEX EL RENDIDOR BOT.PLAST. 950ML NAL. 0000075000615,INDS. ALEN,CLORALEX,"FABRIC TREATMENT and SANIT
",LIQUIDO,CLORO,CLORO,NO DEFINIDO,BLEACH,46461.839,658584.568,92.52790357142857,65106.692,99576.476,29494.535,28105.844,30704.544,76304.191,329292.286,1
0000075000622,CLORALEX EL RENDIDOR BOT.PLAST. 2000ML NAL 0000075000622,INDS. ALEN,CLORALEX,"FABRIC TREATMENT and SANIT
",LIQUIDO,CLORO,CLORO,NO DEFINIDO,BLEACH,48445.151,1139233.787,112.098525,89383.378,150348.453,89594.746,80535.131,86600.77,73154.416,569616.893,1
0000075000639,CLORALEX EL RENDIDOR BOT.PLAST. 3750ML NAL 0000075000639,INDS. ALEN,CLORALEX,"FABRIC TREATMENT and SANIT
",LIQUIDO,CLORO,CLORO,NO DEFINIDO,BLEACH,28334.417,1146849.632,60.22697678571428,62232.003,92553.455,93338.92,79101.489,102355.832,143843.121,573424.812,1
0000075000677,CLORALEX FRESCURA CITRICA  BOT PLAST 950ML NAL 0000075000677,INDS. ALEN,CLORALEX,"FABRIC TREATMENT and SANIT
",LIQUIDO,CLORO,CLORO,NO DEFINIDO,BLEACH,0.002,0.004,1.0,0.002,0.0,0.0,0.0,0.0,0.0,0.002,0
0000075000684,CLORALEX FRESCURA CITRICA BOT PLAST 2000ML NAL 0000075000684,INDS. ALEN,CLORALEX,"FABRIC TREATMENT and SANIT
",LIQUIDO,CLORO,CLORO,NO DEFINIDO,BLEACH,0.004,0.02,1.0,0.01,0.0,0.0,0.0,0.0,0.0,0.01,0
0019200958714,LYSOL SANITIZANTE DE ROPA CRISP LINEN BOT 1.2 LT 0019200958714,RECKITT,LYSOL,"FABRIC TREATMENT and SANIT
",LIQUIDO,SANITIZANTE,SANITIZANTE,SANITIZANTE,SANITIZER,0.004,0.474,1.0,0.0,0.237,0.0,0.0,0.0,0.0,0.237,0
0037000018704,9TIDE LIPIADOR DE ROPA QUITAMANCHAS PLUMON 10 ML IMP 0037000018704,P&G,TIDE,"FABRIC TREATMENT and SANIT
",LIQUIDO,SAFE BLEACH,FABRIC TREATMENT,PRE LAVADOR,PRETREAT,38.428,3519.87,2.6463410714285716,337.68,130.781,268.547,202.778,649.092,171.059,1759.933,0
0044600305974,CLOROX 2 STAIN FIGTHER REMOVER PEN FOR COLORS GEL 56GR 0044600305974,CLOROX,CLOROX,"FABRIC TREATMENT and SANIT
",LIQUIDO,PRELAVADOR,FABRIC TREATMENT,PRE LAVADOR,PRETREAT,0.038,1.812,1.9473684210526316,0.0,0.29700000000000004,0.609,0.0,0.0,0.0,0.906,0
0044600313429,CLOROX CONTROL BLEACH CRYSTALS REGULAR SCENT BOT 680GR 0044600313429,CLOROX,CLOROX,"FABRIC TREATMENT and SANIT
",POLVO,CLORO,CLORO,NO DEFINIDO,BLEACH,0.008,1.078,1.3333333333333333,0.0,0.0,0.539,0.0,0.0,0.0,0.539,0
0044600313719,CLOROX CONTROL BLEACH 12 PODS CLORO EN POLVO BOT 252GR 0044600313719,CLOROX,CLOROX,"FABRIC TREATMENT and SANIT
",POLVO,CLORO,CLORO,NO DEFINIDO,BLEACH,0.002,0.1,1.0,0.0,0.0,0.0,0.05,0.0,0.0,0.05,0
0046500022517,SHOUT TRIPLE ACCION LAUNDRY STAIN REMOVER BOT C/ATOM 650 ML 0046500022517,SC JOHNSON,SHOUT,"FABRIC TREATMENT and SANIT
",LIQUIDO,SAFE BLEACH,FABRIC TREATMENT,PRE LAVADOR,PRETREAT,2.844,356.609,2.0228578680203047,0.19,168.636,3.666,3.044,1.554,1.214,178.305,0
0046500022692,SHOUT ADVANCED LAUNDRY STAIN REMOVER ULTRA CONC GEL BOT246GR 0046500022692,SC JOHNSON,SHOUT,"FABRIC TREATMENT and SANIT
",GEL,SAFE BLEACH,FABRIC TREATMENT,PRE LAVADOR,LIQUID & GEL,18.792,1553.723,2.104815734989648,122.342,318.111,139.415,58.891,118.553,19.554,776.857,0
0046500022746,SHOUT TRIPLE ACCION LAUNDRY/STAIN REMOVER BOTELLA 1.77 LT 0046500022746,SC JOHNSON,SHOUT,"FABRIC TREATMENT and SANIT
",LIQUIDO,SAFE BLEACH,FABRIC TREATMENT,PRE LAVADOR,PRETREAT,0.068,6.084,1.2264150943396226,0.0,0.034,0.0,0.344,0.726,1.938,3.042,0
0046500222979,SHOUT ADVANCED LAUNDRY STAIN REMOVER GEL BOT C/ATOM 414ML 0046500222979,SC JOHNSON,SHOUT,"FABRIC TREATMENT and SANIT
",GEL,SAFE BLEACH,FABRIC TREATMENT,PRE LAVADOR,LIQUID & GEL,0.264,30.282,1.622215053763441,0.0,13.349,0.0,0.22699999999999998,0.112,1.453,15.141,0
0046500729355,SHOUT LAUNDRY STAIN REMOVER BOTELLA C/ATOMIZADOR 650 ML 0046500729355,SC JOHNSON,SHOUT,"FABRIC TREATMENT and SANIT
",LIQUIDO,SAFE BLEACH,FABRIC TREATMENT,PRE LAVADOR,PRETREAT,0.31,14.748,1.5410597014925373,0.0,0.40399999999999997,0.0,1.6199999999999999,1.348,4.002,7.374,0
0123456808218,CLORALEX REGULAR BOT 950 ML NAL 0123456808218,INDS. ALEN,CLORALEX,"FABRIC TREATMENT and SANIT
",LIQUIDO,CLORO,CLORO,NO DEFINIDO,BLEACH,0.002,0.032,1.0,0.016,0.0,0.0,0.0,0.0,0.0,0.016,0
0612464080148,DON CLORINO CLORO POLVO CONCENTRADO CAJA 8SOB 7GR C/U=56GR 0612464080148,OTHERS FABRICANTE UNIF.,OTHERS MARCA UNIF.,"FABRIC TREATMENT and SANIT
",POLVO,CLORO,CLORO,NO DEFINIDO,BLEACH,53.52,1154.62,4.9953947858473,5.342,13.465,29.368,120.602,245.31,163.23499999999999,577.298,0
0616533000525,BOGAMAR CLORO BOT PLAS 980ML NAL 0616533000525,OTHERS FABRICANTE UNIF.,OTHERS MARCA UNIF.,"FABRIC TREATMENT and SANIT
",LIQUIDO,CLORO,CLORO,NO DEFINIDO,BLEACH,0.002,0.014,1.0,0.007,0.0,0.0,0.0,0.0,0.0,0.007,0
0722429128034,LA S TOTALLY AWESOME BLANQ. REGULAR GALON 3780 ML 0722429128034,OTHERS FABRICANTE UNIF.,OTHERS MARCA UNIF.,"FABRIC TREATMENT and SANIT
",LIQUIDO,CLORO,CLORO,NO DEFINIDO,BLEACH,13.064,661.238,2.6351392405063288,330.619,0.0,0.0,0.0,0.0,0.0,330.619,0
0732913227013,SEVENTH GENERATION CLORO LIBRE DE BLANQUEADOR GALON 1.89LT 0732913227013,OTHERS FABRICANTE UNIF.,OTHERS MARCA UNIF.,"FABRIC TREATMENT and SANIT
",LIQUIDO,CLORO,CLORO,NO DEFINIDO,BLEACH,0.272,31.448,1.2017846153846155,15.719,0.005,0.0,0.0,0.0,0.0,15.724,0
0737128047005,LA ANITA BLANQUEADOR REGULAR 3.785ML GALON NAL 0737128047005,OTHERS FABRICANTE UNIF.,OTHERS MARCA UNIF.,"FABRIC TREATMENT and SANIT
",LIQUIDO,CLORO,CLORO,NO DEFINIDO,BLEACH,6.144,266.692,1.740925,0.0,0.0,0.0,0.0,0.0,133.346,133.346,0
0737128127004,LA ANITA BOT.PLAST. 1000ML NAL 0737128127004,OTHERS FABRICANTE UNIF.,OTHERS MARCA UNIF.,"FABRIC TREATMENT and SANIT
",LIQUIDO,CLORO,CLORO,NO DEFINIDO,BLEACH,18.934,245.246,3.2419624999999996,0.0,0.0,0.0,0.0,0.0,122.623,122.623,0
0737128247009,LA ANITA BOT.PLAST. 500ML NAL. 0737128247009,OTHERS FABRICANTE UNIF.,OTHERS MARCA UNIF.,"FABRIC TREATMENT and SANIT
",LIQUIDO,CLORO,CLORO,NO DEFINIDO,BLEACH,16.992,138.85999999999999,3.030875,0.0,0.0,0.0,0.0,0.0,69.43,69.43,0
0741120000005,CLARASOL BLANQUEADOR REGULAR BOT PLAST 1LT NAL 0741120000005,CLARASOL,CLARASOL,"FABRIC TREATMENT and SANIT
",LIQUIDO,CLORO,CLORO,NO DEFINIDO,BLEACH,7171.506,69938.333,42.78917321428572,56.348,194.726,505.346,9742.532,699.756,23770.465,34969.16,0
0741120000012,CLARASOL BLANQUEADOR REGULAR BOT PLAST 500ML NAL 0741120000012,CLARASOL,CLARASOL,"FABRIC TREATMENT and SANIT
",LIQUIDO,CLORO,CLORO,NO DEFINIDO,BLEACH,28.946,172.729,12.807290760869565,0.0,0.0,10.984,64.786,8.68,1.918,86.361,0
0741120000029,CLARASOL REGULAR SIN AROMA GARRAFON 3.785 LT 0741120000029,CLARASOL,CLARASOL,"FABRIC TREATMENT and SANIT
",LIQUIDO,CLORO,CLORO,NO DEFINIDO,BLEACH,1508.483,49763.706,14.075532075471699,6.615,91.664,367.546,6997.442,851.242,16567.346,24881.851,0
0741120000036,CLARASOL BLANQUEADOR REGULAR BOT PLAS 1850 ML 0741120000036,CLARASOL,CLARASOL,"FABRIC TREATMENT and SANIT
",LIQUIDO,CLORO,CLORO,NO DEFINIDO,BLEACH,1111.416,21124.239,13.027585144927537,19.796,104.499,172.13,2435.925,546.215,7283.55,10562.124,0
0741120000746,CLARASOL GEL PODER CONCENTRADO BOT PLAS 1L 0741120000746,CLARASOL,CLARASOL,"FABRIC TREATMENT and SANIT
",GEL,CLORO,CLORO,MULTIUSOS,BLEACH,0.774,13.168000000000001,2.504652777777778,0.0,0.0,0.0,0.0,0.0,6.5840000000000005,6.5840000000000005,0
0757037000489,OXI CLEAN MAX FORCE REMOVEDOR/MANCHAS BOT. PLAST 266.16ML 0757037000489,CHURCH & DWIGHT,OXI CLEAN,"FABRIC TREATMENT and SANIT
",LIQUIDO,PRELAVADOR,FABRIC TREATMENT,PRE LAVADOR,PRETREAT,1.8559999999999999,107.115,2.2047821782178216,0.0,44.919,5.101,3.539,0.0,0.0,53.556,0
0757037512449,OXI CLEAN MAX FORCE REMOVEDOR DE MANCHAS BOT. PLAST 354 ML 0757037512449,CHURCH & DWIGHT,OXI CLEAN,"FABRIC TREATMENT and SANIT
",LIQUIDO,PRELAVADOR,FABRIC TREATMENT,PRE LAVADOR,PRETREAT,37.842,3393.801,5.454131661442006,0.0,1428.886,140.181,127.84,0.0,0.0,1696.894,0
0757037513552,OXI CLEAN MAX FORCE GEL STICK REMOVEDOR D/MANCHAS 1PZA 175GR 0757037513552,CHURCH & DWIGHT,OXI CLEAN,"FABRIC TREATMENT and SANIT
",GEL,SAFE BLEACH,FABRIC TREATMENT,PRE LAVADOR,LIQUID & GEL,4.84,431.054,1.867491452991453,0.0,188.746,26.785,0.0,0.0,0.0,215.523,0
0757037516935,OXI CLEAN REMOVEDOR DE MANCHAS BOTE 636ML 0757037516935,CHURCH & DWIGHT,OXI CLEAN,"FABRIC TREATMENT and SANIT
",LIQUIDO,SAFE BLEACH,FABRIC TREATMENT,PRE LAVADOR,PRETREAT,5.96,576.88,12.884246575342464,0.0,288.44,0.0,0.0,0.0,0.0,288.44,0
0757037517123,OXI CLEAN LIQ.BOT. 635 ML 0757037517123,CHURCH & DWIGHT,OXI CLEAN,"FABRIC TREATMENT and SANIT
",LIQUIDO,PRELAVADOR,FABRIC TREATMENT,PRE LAVADOR,PRETREAT,90.576,6876.697,2.2629320388349514,636.826,798.462,553.872,277.823,827.547,343.82,3438.3469999999998,0
3045200760009,SANYTOL DESINFECTANTE DE ROPA BOT 500 ML 3045200760009,GRUPO AC MARCAS,SANYTOL,"FABRIC TREATMENT and SANIT
",LIQUIDO,SANITIZANTE,SANITIZANTE,SANITIZANTE,SANITIZER,155.514,8562.364,2.5949125,265.815,308.519,697.758,561.742,1896.277,551.073,4281.18,0
3045206360609,SANYTOL DESINFECTANTE DE ROPA BOT 1 LT 3045206360609,GRUPO AC MARCAS,SANYTOL,"FABRIC TREATMENT and SANIT
",LIQUIDO,SANITIZANTE,SANITIZANTE,SANITIZANTE,SANITIZER,24.008,2537.866,1.730825,106.45400000000001,103.208,165.468,259.878,561.068,72.858,1268.932,0
3045206382007,SANYTOL QUITAMANCHAS DESINFECTANTE POLVO BOT 450GR 3045206382007,GRUPO AC MARCAS,SANYTOL,"FABRIC TREATMENT and SANIT
",POLVO,SAFE BLEACH,FABRIC TREATMENT,PRE LAVADOR,POWDER,35.132,2907.39,1.7140410714285714,111.951,132.326,249.674,207.958,651.646,100.145,1453.69,0
4008455394015,DR BECKMANN EL MAGO QUITAMANCHAS 4 LIQUIDO BOT 50ML IMP 4008455394015,DELTA PRONATURA,DR.BECKMANN,"FABRIC TREATMENT and SANIT
",LIQUIDO,PRELAVADOR,FABRIC TREATMENT,PRE LAVADOR,PRETREAT,124.692,5700.878,2.152764285714286,204.384,440.921,445.836,394.07,1081.334,283.897,2850.436,0
4008455394114,DR BECKMANN EL MAGO QUITAMANCHAS 2 LIQUIDO BOT 50ML IMP 4008455394114,DELTA PRONATURA,DR.BECKMANN,"FABRIC TREATMENT and SANIT
",LIQUIDO,PRELAVADOR,FABRIC TREATMENT,PRE LAVADOR,PRETREAT,166.234,7619.649,2.4877625,275.609,650.835,555.127,509.671,1501.709,316.873,3809.825,0
4008455394213,DR BECKMANN EL MAGO QUITAMANCHAS 8 LIQUIDO BOT 50ML IMP 4008455394213,DELTA PRONATURA,DR.BECKMANN,"FABRIC TREATMENT and SANIT
",LIQUIDO,PRELAVADOR,FABRIC TREATMENT,PRE LAVADOR,PRETREAT,89.255,4074.209,1.8635785714285715,180.546,301.503,334.466,257.085,719.247,244.261,2037.101,0
4008455394411,DR BECKMANN EL MAGO QUITAMANCHAS3 P.TINT/CRAY/ROTUL BOT 50ML 4008455394411,DELTA PRONATURA,DR.BECKMANN,"FABRIC TREATMENT and SANIT
",LIQUIDO,PRELAVADOR,FABRIC TREATMENT,PRE LAVADOR,PRETREAT,139.795,6392.41,2.196669642857143,251.805,580.845,473.165,441.775,1105.588,343.026,3196.206,0
4008455394510,DR BECKMANN EL MAGO QUITAMANCHAS 5 LIQUIDO BOT 50ML IMP 4008455394510,DELTA PRONATURA,DR.BECKMANN,"FABRIC TREATMENT and SANIT
",LIQUIDO,PRELAVADOR,FABRIC TREATMENT,PRE LAVADOR,PRETREAT,131.701,6019.472,2.2050285714285716,234.891,469.524,496.552,394.82,1036.687,377.258,3009.7400000000002,0
4008455394619,DR BECKMANN EL MAGO QUITAMANCHAS 7 LIQUIDO BOT 50ML IMP 4008455394619,DELTA PRONATURA,DR.BECKMANN,"FABRIC TREATMENT and SANIT
",LIQUIDO,PRELAVADOR,FABRIC TREATMENT,PRE LAVADOR,PRETREAT,65.516,2976.025,1.6175875000000002,133.138,246.624,259.912,222.129,498.572,127.635,1488.015,0
4008455423517,DR BECKMANN EL MAGO QUITAMANCHAS 6 LIQUIDO BOT 50ML IMP 4008455423517,DELTA PRONATURA,DR.BECKMANN,"FABRIC TREATMENT and SANIT
",LIQUIDO,PRELAVADOR,FABRIC TREATMENT,PRE LAVADOR,PRETREAT,80.041,3653.201,1.755407142857143,148.517,288.263,317.623,234.277,666.036,171.892,1826.593,0
4008455423616,DR BECKMANN EL MAGO QUITAMANCHAS 4 LIQUIDO BOT 50ML IMP 4008455423616,DELTA PRONATURA,DR.BECKMANN,"FABRIC TREATMENT and SANIT
",LIQUIDO,PRELAVADOR,FABRIC TREATMENT,PRE LAVADOR,PRETREAT,81.499,3719.179,1.7580392857142857,154.218,327.03,320.373,265.081,617.725,175.161,1859.591,0
4008455423715,DR BECKMANN QUITAMANCHAS PRELAVADO C/CEP APLIC LIQ BOT 250ML 4008455423715,DELTA PRONATURA,DR.BECKMANN,"FABRIC TREATMENT and SANIT
",LIQUIDO,PRELAVADOR,FABRIC TREATMENT,PRE LAVADOR,PRETREAT,101.048,6623.357,2.3909535714285712,223.216,1030.446,392.156,379.629,866.952,419.278,3311.68,0
4008455425412,DR BECKMANN BLANQ INTENS SUPER BLANC PVO 6BSAS 40GRC/U=240GR 4008455425412,DELTA PRONATURA,DR.BECKMANN,"FABRIC TREATMENT and SANIT
",POLVO,CLORO,CLORO,NO DEFINIDO,BLEACH,719.5,46753.551,5.719364285714286,1703.006,4317.808,3605.964,2699.381,8772.862,2277.755,23376.775,0
4008455427614,DR BECKMANN POLVO QUITA DESTINIDO CJ C/2 BOL 75GC/U=150GRS 4008455427614,DELTA PRONATURA,DR.BECKMANN,"FABRIC TREATMENT and SANIT
",POLVO,SAFE BLEACH,FABRIC TREATMENT,PRE LAVADOR,POWDER,0.008,0.3,1.3333333333333333,0.0,0.0,0.0,0.0,0.15,0.0,0.15,0
4008455438016,DR BECKMANN LAPIZ MAGICO QUITAMANCHAS 9ML 4008455438016,DELTA PRONATURA,DR.BECKMANN,"FABRIC TREATMENT and SANIT
",LIQUIDO,PRELAVADOR,FABRIC TREATMENT,PRE LAVADOR,PRETREAT,138.214,9429.205,2.416819642857143,381.203,924.696,804.238,574.685,1561.627,468.162,4714.594,0
4008455457512,DR BECKMANN BLANQUEADOR SIN CLORO BOL 80GR 4008455457512,DELTA PRONATURA,DR.BECKMANN,"FABRIC TREATMENT and SANIT
",POLVO,CLORO,CLORO,NO DEFINIDO,BLEACH,897.925,18930.925,7.865946428571429,1024.114,1661.347,1654.182,1325.459,2712.063,1088.301,9465.459,0
4008455457710,DR BECKMANN QUITAMANCHASINTENSO ROPABLANCAYCOLOR SACHET100GR 4008455457710,DELTA PRONATURA,DR.BECKMANN,"FABRIC TREATMENT and SANIT
",POLVO,SAFE BLEACH,FABRIC TREATMENT,PRE LAVADOR,POWDER,116.259,2028.064,3.412195965417867,99.004,165.962,172.053,160.821,289.409,126.788,1014.027,0
4008455458618,DR BECKMANN EL MAGO QUITAMANCHAS OXIDO/DESOD BOTC/ATOM 250ML 4008455458618,DELTA PRONATURA,DR.BECKMANN,"FABRIC TREATMENT and SANIT
",LIQUIDO,PRELAVADOR,FABRIC TREATMENT,PRE LAVADOR,PRETREAT,494.653,34469.708,4.420389285714286,1219.946,3228.4230000000002,2703.676,2025.917,6422.179,1634.715,17234.852,0
4008455458717,DR BECKMANN ORIGINAL QUITAMANCHAS PRELAVADO BOT C/ATOM 250ML 4008455458717,DELTA PRONATURA,DR.BECKMANN,"FABRIC TREATMENT and SANIT
",LIQUIDO,PRELAVADOR,FABRIC TREATMENT,PRE LAVADOR,PRETREAT,85.398,6561.633,2.4560285714285714,259.82,1106.054,511.746,388.606,898.622,115.97,3280.815,0
4008455459417,DR BECKMAN SUPER BLANCO TOALLITAS ACTIVAS S/CLORO CAJA 15PZ 4008455459417,DELTA PRONATURA,DR.BECKMANN,"FABRIC TREATMENT and SANIT
",TOALLAS,PRELAVADOR,FABRIC TREATMENT,BLANCO,OTHERS,204.073,15041.415,2.7880732142857143,717.274,1583.896,1386.914,867.352,2462.4700000000003,502.804,7520.705,0
4008455460215,DR BECKMANN BLANQUEADOR POLVO CJ C/2BOLSAS 75GRC/U=150GR IMP 4008455460215,DELTA PRONATURA,DR.BECKMANN,"FABRIC TREATMENT and SANIT
",POLVO,CLORO,CLORO,NO DEFINIDO,BLEACH,13.894,1298.673,1.9169454887218047,121.949,60.623,127.584,94.752,234.911,9.52,649.334,0
4008455476711,DR BECKMANN JABON MAGICO QUITAMANCHAS BARRA 100 GR 4008455476711,DELTA PRONATURA,DR.BECKMANN,"FABRIC TREATMENT and SANIT
",BARRA,SAFE BLEACH,FABRIC TREATMENT,PRE LAVADOR,BAR,421.941,12483.611,5.586989285714286,547.941,1339.125,885.984,734.909,2024.165,709.688,6241.799,0
4008455524917,DR BECKMANN QUITAMANCHAS DESODORANTE Y SUDOR BOT 500 ML 4008455524917,DELTA PRONATURA,DR.BECKMANN,"FABRIC TREATMENT and SANIT
",LIQUIDO,PRELAVADOR,FABRIC TREATMENT,PRE LAVADOR,PRETREAT,368.97,42461.07,3.8364125000000002,1477.257,2736.56,3872.698,2849.54,8817.233,1477.251,21230.531,0
4008455567013,DR BECKMANN QUITAMANCHAS INTENSO ROPABLANCAYCOLOR SOBRE 80GR 4008455567013,DELTA PRONATURA,DR.BECKMANN,"FABRIC TREATMENT and SANIT
",POLVO,SAFE BLEACH,FABRIC TREATMENT,PRE LAVADOR,POWDER,577.173,12375.932,5.9266417910447755,684.047,1011.728,1026.579,849.02,1787.465,829.128,6187.965,0
7501021160719,H24 CUELLOS PUNOS Y MANCHITAS BOT/ATOM 700ML NAL 7501021160719,INDS. H24,CUELLOS PUNOS Y MANCHITAS,"FABRIC TREATMENT and SANIT
",LIQUIDO,PRELAVADOR,FABRIC TREATMENT,PRE LAVADOR,PRETREAT,339.709,18710.991,3.8819160714285714,751.726,1576.399,1584.583,1344.054,3660.862,437.874,9355.493,0
7501021160726,CUELLOS PU¤OS Y MANCHITAS BOT/REP 700 ML  NAL. 7501021160726,INDS. H24,CUELLOS PUNOS Y MANCHITAS,"FABRIC TREATMENT and SANIT
",LIQUIDO,PRELAVADOR,FABRIC TREATMENT,PRE LAVADOR,PRETREAT,45.524,1985.18,6.156590625,0.0,828.737,114.578,49.281,0.0,0.0,992.584,0
7501025400347,CLORALEX FLORES DE BACH BOT PLAS 3.75 LT 7501025400347,INDS. ALEN,CLORALEX,"FABRIC TREATMENT and SANIT
",LIQUIDO,CLORO,CLORO,NO DEFINIDO,BLEACH,0.018000000000000002,0.394,3.0,0.059,0.0,0.0,0.0,0.138,0.0,0.197,0
7501025400354,CLORALEX GERANIO Y ALOE BOT PLAS 950 ML 7501025400354,INDS. ALEN,CLORALEX,"FABRIC TREATMENT and SANIT
",LIQUIDO,CLORO,CLORO,NO DEFINIDO,BLEACH,0.002,0.024,1.0,0.012,0.0,0.0,0.0,0.0,0.0,0.012,0
7501025400361,CLORALEX GERANIO Y ALOE BOT PLAS 2 LT 7501025400361,INDS. ALEN,CLORALEX,"FABRIC TREATMENT and SANIT
",LIQUIDO,CLORO,CLORO,NO DEFINIDO,BLEACH,0.002,0.038,1.0,0.0,0.0,0.019,0.0,0.0,0.0,0.019,0
7501025400385,CLORALEX MENTA Y EUCALIPTO BOT PLAS 950 ML 7501025400385,INDS. ALEN,CLORALEX,"FABRIC TREATMENT and SANIT
",LIQUIDO,CLORO,CLORO,NO DEFINIDO,BLEACH,0.006,0.066,1.0,0.0,0.022,0.0,0.0,0.0,0.011,0.033,0
7501025400392,CLORALEX MENTA Y EUCALIPTO BOT PLAS 2 LT 7501025400392,INDS. ALEN,CLORALEX,"FABRIC TREATMENT and SANIT
",LIQUIDO,CLORO,CLORO,NO DEFINIDO,BLEACH,0.008,0.184,2.0,0.092,0.0,0.0,0.0,0.0,0.0,0.092,0
7501025400415,CLORALEX SUAVE AROMA BLANQUEADOR BOT 950ML 7501025400415,INDS. ALEN,CLORALEX,"FABRIC TREATMENT and SANIT
",LIQUIDO,CLORO,CLORO,NO DEFINIDO,BLEACH,0.03,0.288,1.3888888888888888,0.045,0.0,0.0,0.0,0.015,0.08399999999999999,0.144,0
7501025400422,CLORALEX SUAVE AROMA BLANQUEADOR BOT 2LT 7501025400422,INDS. ALEN,CLORALEX,"FABRIC TREATMENT and SANIT
",LIQUIDO,CLORO,CLORO,NO DEFINIDO,BLEACH,0.048,1.065,1.6071428571428572,0.124,0.052,0.357,0.0,0.0,0.0,0.532,0
7501025400781,CLORALEX EL RENDIDOR BLANQUEADOR DESINF ELIM COVID BOT 950ML 7501025400781,INDS. ALEN,CLORALEX,"FABRIC TREATMENT and SANIT
",LIQUIDO,CLORO,CLORO,NO DEFINIDO,BLEACH,0.034,0.516,1.4545454545454546,0.0,0.0,0.0,0.258,0.0,0.0,0.258,0
7501025400927,CLORALEX COLOR QUITAMANCHAS PARA ROPA BOT 500 ML NAL 7501025400927,INDS. ALEN,CLORALEX,"FABRIC TREATMENT and SANIT
",LIQUIDO,SAFE BLEACH,FABRIC TREATMENT,PRE LAVADOR,PRETREAT,10.181000000000001,155.51,2.6897014925373135,9.513,13.084,13.05,9.843,18.599999999999998,13.666,77.75399999999999,0
7501025400941,CLORALEX COLOR QUITAMANCHAS P/ROPA BOT 950 ML NAL 7501025400941,INDS. ALEN,CLORALEX,"FABRIC TREATMENT and SANIT
",LIQUIDO,SAFE BLEACH,FABRIC TREATMENT,PRE LAVADOR,PRETREAT,6.914,167.881,3.468782334384858,3.595,4.964,9.030000000000001,5.348,24.876,36.141999999999996,83.926,0
7501025400958,CLORALEX COLOR QUITAMANCHAS ROPA BOT 1800 ML NAL 7501025400958,INDS. ALEN,CLORALEX,"FABRIC TREATMENT and SANIT
",LIQUIDO,SAFE BLEACH,FABRIC TREATMENT,PRE LAVADOR,PRETREAT,1.872,22.917,8.711840707964601,0.0,3.002,0.0,5.68,2.775,0.0,11.46,0
7501025401078,CLORALEX BAMBINO BOT PLAST 2000ML NAL 7501025401078,INDS. ALEN,CLORALEX,"FABRIC TREATMENT and SANIT
",LIQUIDO,CLORO,CLORO,ROPA BEBE,BLEACH,0.004,0.026,2.0,0.013,0.0,0.0,0.0,0.0,0.0,0.013,0
7501025401252,CLORALUZ BOT.PLAST. 900ML NAL. 7501025401252,INDS. ALEN,CLORALUZ,"FABRIC TREATMENT and SANIT
",LIQUIDO,CLORO,CLORO,NO DEFINIDO,BLEACH,798.024,7374.786,96.6899,0.0,0.0,0.0,0.0,0.0,3687.393,3687.393,0
7501025401306,CLORALEX EL RENDIDOR BOTELLA 10000 ML NAL 7501025401306,INDS. ALEN,CLORALEX,"FABRIC TREATMENT and SANIT
",LIQUIDO,CLORO,CLORO,NO DEFINIDO,BLEACH,87.183,10782.431,5.492237942122187,2536.23,0.0,0.0,30.45,0.0,2824.534,5391.217,0
7501025401313,CLORALEX CLORO EN GEL BOT 3.75L 7501025401313,INDS. ALEN,CLORALEX,"FABRIC TREATMENT and SANIT
",GEL,CLORO,CLORO,MULTIUSOS,BLEACH,1473.698,78262.901,10.817217857142857,2970.083,5378.125,6948.781,5019.208,14550.135,4265.113,39131.456,0
7501025401535,CLORALEX EL RENDIDOR BOT 1.17LT 7501025401535,INDS. ALEN,CLORALEX,"FABRIC TREATMENT and SANIT
",LIQUIDO,CLORO,CLORO,NO DEFINIDO,BLEACH,0.18,3.548,2.81666,0.0,0.037,0.0,0.0,0.0,1.737,1.774,0
7501025401580,CLORALEX COLOR QUITAMANCHAS BOLSA 450 ML 7501025401580,INDS. ALEN,CLORALEX,"FABRIC TREATMENT and SANIT
",LIQUIDO,SAFE BLEACH,FABRIC TREATMENT,PRE LAVADOR,PRETREAT,0.008,0.13999999999999999,1.0,0.0,0.018,0.0,0.0,0.0,0.052,0.06999999999999999,0
7501025401795,CLORALEX ULTRAGEL CITRICO BOTELLA 950ML 7501025401795,INDS. ALEN,CLORALEX,"FABRIC TREATMENT and SANIT
",GEL,CLORO,CLORO,MULTIUSOS,BLEACH,5176.23,130915.179,17.492926785714285,8622.829,14987.576,7703.996,6596.958,20402.371,7143.859,65457.59,0
7501025401801,CLORALEX ULTRAGEL CITRICO BOTELLA 600ML 7501025401801,INDS. ALEN,CLORALEX,"FABRIC TREATMENT and SANIT
",GEL,CLORO,CLORO,MULTIUSOS,BLEACH,6166.924,106265.447,22.129726785714286,6076.117,14935.364,6714.526,5244.099,12915.336,7247.281,53132.724,0
7501025401832,CLORALEX  PODER OXIGENO ULTRAGEL QUITAMANCHAS BOLSA 450 ML 7501025401832,INDS. ALEN,CLORALEX,"FABRIC TREATMENT and SANIT
",GEL,SAFE BLEACH,FABRIC TREATMENT,PRE LAVADOR,LIQUID & GEL,487.523,9948.134,4.892817857142857,997.913,959.357,653.498,593.34,1047.069,722.892,4974.065,0
7501025401849,CLORALEX PODER OXIGENO ULTRAGEL QUITAMANCHAS BOLSA 750 ML 7501025401849,INDS. ALEN,CLORALEX,"FABRIC TREATMENT and SANIT
",GEL,SAFE BLEACH,FABRIC TREATMENT,PRE LAVADOR,LIQUID & GEL,137.441,4413.5,2.8223839285714285,528.006,487.931,172.827,203.759,364.882,449.356,2206.739,0
7501025401856,CLORALEX PODER  OXIGENO ULTRAGEL QUITAMANCHAS BOT 950 ML 7501025401856,INDS. ALEN,CLORALEX,"FABRIC TREATMENT and SANIT
",GEL,SAFE BLEACH,FABRIC TREATMENT,PRE LAVADOR,LIQUID & GEL,569.219,23031.64,2.6517125,2684.222,3300.444,1279.017,1018.551,1633.184,1600.4,11515.822,0
7501025401863,CLORALEX PODER OXIGENO  ULTRAGEL  QUITAMANCHAS BOT 1.5 LT 7501025401863,INDS. ALEN,CLORALEX,"FABRIC TREATMENT and SANIT
",GEL,SAFE BLEACH,FABRIC TREATMENT,PRE LAVADOR,LIQUID & GEL,401.09,26567.859,2.622782142857143,2884.352,2244.0,2127.02,1547.48,2640.287,1840.792,13283.928,0
7501025401887,CLORALEX  PODER VINAGRE ULTRAGEL QUITAMANCHAS BOLSA 450 ML 7501025401887,INDS. ALEN,CLORALEX,"FABRIC TREATMENT and SANIT
",GEL,SAFE BLEACH,FABRIC TREATMENT,PRE LAVADOR,LIQUID & GEL,91.039,1871.595,3.560634651600753,451.609,170.782,22.055,54.978,62.618,173.765,935.788,0
7501025401894,CLORALEX PODER VINAGRE ULTRAGEL QUITAMANCHAS BOLSA 750 ML 7501025401894,INDS. ALEN,CLORALEX,"FABRIC TREATMENT and SANIT
",GEL,SAFE BLEACH,FABRIC TREATMENT,PRE LAVADOR,LIQUID & GEL,118.572,3825.765,2.715025,492.829,488.341,155.657,158.082,266.513,351.465,1912.878,0
7501025401900,CLORALEX PODER  VINAGRE ULTRAGEL QUITAMANCHAS BOT 950 ML 7501025401900,INDS. ALEN,CLORALEX,"FABRIC TREATMENT and SANIT
",GEL,SAFE BLEACH,FABRIC TREATMENT,PRE LAVADOR,LIQUID & GEL,511.279,20934.383,2.564105357142857,2472.82,2363.234,1418.147,1039.98,1684.934,1488.08,10467.188,0
7501025401917,CLORALEX PODER VINAGRE ULTRAGEL  QUITAMANCHAS BOT 1.5 LT 7501025401917,INDS. ALEN,CLORALEX,"FABRIC TREATMENT and SANIT
",GEL,SAFE BLEACH,FABRIC TREATMENT,PRE LAVADOR,LIQUID & GEL,270.503,18010.341,3.0290214285714283,1356.579,1572.434,1463.823,1034.664,2377.768,1199.903,9005.17,0
7501025401931,CLORALEX GEL BLANQUEADOR BP 700ML 7501025401931,INDS. ALEN,CLORALEX,"FABRIC TREATMENT and SANIT
",GEL,CLORO,CLORO,MULTIUSOS,BLEACH,3506.167,40120.913,38.801205357142855,1816.462,3175.21,3518.883,3417.929,6026.215,2105.758,20060.456000000002,0
7501025401948,CLORALEX GEL NO SALPICA DESINFECTANTE BP 1.65LT 7501025401948,INDS. ALEN,CLORALEX,"FABRIC TREATMENT and SANIT
",GEL,CLORO,CLORO,MULTIUSOS,BLEACH,3840.861,92684.921,21.508771799628942,3384.414,6692.318,9282.215,7497.604,15104.661,4381.246,46342.463,0
7501025401993,BLANCATEL CONCENTRADO BOT PLAST 3750ML NAL 7501025401993,INDS. ALEN,BLANCATEL,"FABRIC TREATMENT and SANIT
",LIQUIDO,CLORO,CLORO,NO DEFINIDO,BLEACH,1573.27,46308.158,43.380399999999995,834.7,915.711,559.924,1456.224,980.962,18406.567,23154.07,0
7501025402037,BLANCATEL BOT.PLAST. 930 ML. NAL. 7501025402037,INDS. ALEN,BLANCATEL,"FABRIC TREATMENT and SANIT
",LIQUIDO,CLORO,CLORO,NO DEFINIDO,BLEACH,0.002,0.014,1.0,0.007,0.0,0.0,0.0,0.0,0.0,0.007,0
7501025402051,BLANCATEL CONCENTRADO BOT PLAST 3750ML NAL 7501025402051,INDS. ALEN,BLANCATEL,"FABRIC TREATMENT and SANIT
",LIQUIDO,CLORO,CLORO,NO DEFINIDO,BLEACH,15613.21,491075.232,43.18463035714286,72583.232,44314.02,28778.457,13120.054,12734.457,74007.39199999999,245537.62,0
7501025402082,BLANCATEL FRESCURA DEL CAMPO BOT PLAST 3750ML NAL 7501025402082,INDS. ALEN,BLANCATEL,"FABRIC TREATMENT and SANIT
",LIQUIDO,CLORO,CLORO,NO DEFINIDO,BLEACH,0.002,0.046,1.0,0.0,0.023,0.0,0.0,0.0,0.0,0.023,0
7501025402211,BLANCATEL BLANQUEADOR FAMILIAR JAZMIN GFA 3.75 LT 7501025402211,INDS. ALEN,BLANCATEL,"FABRIC TREATMENT and SANIT
",LIQUIDO,CLORO,CLORO,NO DEFINIDO,BLEACH,0.002,0.05,1.0,0.025,0.0,0.0,0.0,0.0,0.0,0.025,0
7501025402235,BLANCATEL FLORAL BOT PLAST 3750ML NAL 7501025402235,INDS. ALEN,BLANCATEL,"FABRIC TREATMENT and SANIT
",LIQUIDO,CLORO,CLORO,NO DEFINIDO,BLEACH,1006.232,33944.081,7.4348535714285715,2806.788,3662.907,1388.844,1200.199,930.932,6982.371,16972.04,0
7501025402242,BLANCATEL LAVANDA LIQ BOT PLAST 3750ML NAL 7501025402242,INDS. ALEN,BLANCATEL,"FABRIC TREATMENT and SANIT
",LIQUIDO,CLORO,CLORO,NO DEFINIDO,BLEACH,2418.573,81156.308,10.835825,6580.818,5772.459,8003.917,2175.655,1543.119,16502.19,40578.15,0
7501025402440,CLORALEX EL RENDIDOR BLANQUEADOR ROPA CONCENT GARRAFON 7 LT 7501025402440,INDS. ALEN,CLORALEX,"FABRIC TREATMENT and SANIT
",LIQUIDO,CLORO,CLORO,NO DEFINIDO,BLEACH,10.786,854.708,5.53545,0.0,427.354,0.0,0.0,0.0,0.0,427.354,0
7501025402990,BLANCATEL NAVIDENO BOT PLAST 3.750LT NAL 7501025402990,INDS. ALEN,BLANCATEL,"FABRIC TREATMENT and SANIT
",LIQUIDO,CLORO,CLORO,NO DEFINIDO,BLEACH,0.006,0.132,1.5,0.044,0.0,0.022,0.0,0.0,0.0,0.066,0
7501025405076,CLORALEX CLORO EN GEL BOT 500ML 7501025405076,INDS. ALEN,CLORALEX,"FABRIC TREATMENT and SANIT
",GEL,CLORO,CLORO,MULTIUSOS,BLEACH,50.624,414.803,9.47867094017094,3.202,48.125,42.802,18.758,58.418,36.1,207.398,0
7501025405090,CLORALEX ULTRAGEL CLORO GEL CONCENTRADO BOT 600 ML 7501025405090,INDS. ALEN,CLORALEX,"FABRIC TREATMENT and SANIT
",GEL,CLORO,CLORO,MULTIUSOS,BLEACH,14031.408,235784.387,32.38998214285714,22297.631,27252.779,14087.484,14557.502,24204.205,15492.594,117892.192,0
7501025405106,CLORALEX CLORO EN GEL BP 2000ML 7501025405106,INDS. ALEN,CLORALEX,"FABRIC TREATMENT and SANIT
",GEL,CLORO,CLORO,MULTIUSOS,BLEACH,5624.4619999999995,175110.993,18.464189285714287,8481.644,21070.607,12515.688,11153.503,21336.091,12997.964,87555.496,0
7501025405151,CLORALEX CLORO EN GEL BOT 950ML 7501025405151,INDS. ALEN,CLORALEX,"FABRIC TREATMENT and SANIT
",GEL,CLORO,CLORO,MULTIUSOS,BLEACH,10968.694,199811.454,24.407733928571428,15222.675,28065.684,13486.645,11512.155,19368.458,12250.111,99905.726,0
7501025405205,CLORALEX AROMAX FLORAL CLORO GEL CON DETERGENTE BOT 600ML 7501025405205,INDS. ALEN,CLORALEX,"FABRIC TREATMENT and SANIT
",GEL,CLORO,CLORO,MULTIUSOS,BLEACH,0.002,0.03,1.0,0.015,0.0,0.0,0.0,0.0,0.0,0.015,0
7501025405212,CLORALEX ULTRAGEL CLORO EN GEL CONCENTRADO 950ML 7501025405212,INDS. ALEN,CLORALEX,"FABRIC TREATMENT and SANIT
",GEL,CLORO,CLORO,MULTIUSOS,BLEACH,9667.082,242181.14,26.76717142857143,17935.17,21579.37,17256.447,15589.859,33047.593,15682.127,121090.574,0
7501025405229,CLORALEX AROMAX CLORO GEL C/DETERGENTE CITRICO BOTE 950ML 7501025405229,INDS. ALEN,CLORALEX,"FABRIC TREATMENT and SANIT
",GEL,CLORO,CLORO,MULTIUSOS,BLEACH,0.038,0.606,1.3571428571428572,0.025,0.0,0.04,0.053000000000000005,0.022,0.163,0.303,0
7501025405236,CLORALEX AROMAX CLORO GEL C/DETERGENTE FLORAL BOTE 950ML 7501025405236,INDS. ALEN,CLORALEX,"FABRIC TREATMENT and SANIT
",GEL,CLORO,CLORO,MULTIUSOS,BLEACH,0.004,0.044,1.0,0.0,0.011,0.011,0.0,0.0,0.0,0.022,0
7501025405274,CLORALEX DETERMAX GEL BOT PLAS 950 ML 7501025405274,INDS. ALEN,CLORALEX,"FABRIC TREATMENT and SANIT
",GEL,CLORO,CLORO,MULTIUSOS,BLEACH,0.014,0.33599999999999997,3.5,0.16799999999999998,0.0,0.0,0.0,0.0,0.0,0.16799999999999998,0
7501025405298BP2,CLORALEX MAXGEL BOT 600ML+PINOL PINO MULTIU BOT 1L 7501025405298BP2,INDS. ALEN,CLORALEX,"FABRIC TREATMENT and SANIT
",GEL,CLORO,CLORO,MULTIUSOS,BLEACH,0.004,0.22,1.0,0.0,0.0,0.0,0.0,0.055,0.055,0.11,0
7501025405311,CLORALEX EL RENDIDOR 60 ANIVERSARIO 950+220 ML=1170 ML NAL 7501025405311,INDS. ALEN,CLORALEX,"FABRIC TREATMENT and SANIT
",LIQUIDO,CLORO,CLORO,NO DEFINIDO,BLEACH,1371.924,21098.724,44.15576705882353,604.566,9243.463,158.068,138.568,138.938,265.762,10549.359,0
7501025405816,CLORALEX EL RENDIDOR ELIMINA 99.9 DE VIRUS Y BACTERIAS BOT 1 7501025405816,INDS. ALEN,CLORALEX,"FABRIC TREATMENT and SANIT
",LIQUIDO,CLORO,CLORO,NO DEFINIDO,BLEACH,610.238,9191.358,14.342280303030304,516.059,1175.146,865.645,824.2620000000001,802.78,411.807,4595.659,0
7501025405885,CLORALEX GEL ROPA BLANCA BP 950 ML 7501025405885,INDS. ALEN,CLORALEX,"FABRIC TREATMENT and SANIT
",GEL,CLORO,CLORO,MULTIUSOS,BLEACH,489.722,12638.665,4.0568375,624.398,918.984,1039.593,943.972,1700.083,1092.291,6319.344,0
7501025406561,CLORALEX AROMA CLORO LIQUIDO LAVANDA BP 2L 7501025406561,INDS. ALEN,CLORALEX,"FABRIC TREATMENT and SANIT
",LIQUIDO,CLORO,CLORO,NO DEFINIDO,BLEACH,3713.503,91075.822,17.52144107142857,5941.701,8716.918,9764.691,6455.024,6622.606,8036.975,45537.907,0
7501025406578,CLORALEX AROMA CLORO LIQUIDO LAVANDA BP 3.75L 7501025406578,INDS. ALEN,CLORALEX,"FABRIC TREATMENT and SANIT
",LIQUIDO,CLORO,CLORO,NO DEFINIDO,BLEACH,1507.515,64723.51,11.78689642857143,2596.718,4279.497,7538.434,4958.829,8442.608,4545.667,32361.757,0
7501025408404,CLORALEX AROMAS BLAQUEADOR LIQUIDO FLORAL GAR 10LT 7501025408404,INDS. ALEN,CLORALEX,"FABRIC TREATMENT and SANIT
",LIQUIDO,CLORO,CLORO,NO DEFINIDO,BLEACH,77.09,8144.192,8.007781818181819,0.0,4072.096,0.0,0.0,0.0,0.0,4072.096,0
7501025408947,CLORALEX EL RENDIDOR BOT.PLAST. 700ML NAL. 7501025408947,INDS. ALEN,CLORALEX,"FABRIC TREATMENT and SANIT
",LIQUIDO,CLORO,CLORO,NO DEFINIDO,BLEACH,805.681,9431.467,35.05151101321586,1274.592,1975.697,188.65800000000002,241.37800000000001,256.022,779.389,4715.731,0
7501025409104,CLORALEX EL RENDIDOR BLANQ DESINF DEODORIZ CONCEN BP 1.65LT 7501025409104,INDS. ALEN,CLORALEX,"FABRIC TREATMENT and SANIT
",LIQUIDO,CLORO,CLORO,NO DEFINIDO,BLEACH,1322.315,27691.814,36.39466071428571,912.112,5149.432,1664.042,1821.396,1949.232,2349.691,13845.909,0
7501025409470,CLORALEX MASCOTAS LIMP DESINFECT C/CLORO BP C/G750ML=3.750LT 7501025409470,INDS. ALEN,CLORALEX,"FABRIC TREATMENT and SANIT
",LIQUIDO,CLORO,CLORO,MASCOTAS,BLEACH,190.523,11316.419,4.549376257545272,366.414,925.551,736.874,858.2330000000001,1660.384,1110.758,5658.205,0
7501025410834,CLORALEX COLOR LIQUIDO PRELAVADOR BOTELLA 1.8 LT 7501025410834,INDS. ALEN,CLORALEX,"FABRIC TREATMENT and SANIT
",LIQUIDO,SAFE BLEACH,FABRIC TREATMENT,PRE LAVADOR,PRETREAT,164.108,7037.189,3.393530612244898,370.654,656.557,636.64,506.112,653.491,695.144,3518.591,0
7501025411893,CLORALEX MASCOTAS LIM C/CLORO+DETERGENTE CITRICO BP 1.65L 7501025411893,INDS. ALEN,CLORALEX,"FABRIC TREATMENT and SANIT
",LIQUIDO,CLORO,CLORO,MASCOTAS,BLEACH,1172.653,45078.647,6.327385714285714,2221.121,5664.303,3734.836,2253.03,4800.807,3865.2309999999998,22539.319,0
7501025411992,CLORALEX MASCOTAS BOT PLAST 950ML NAL 7501025411992,INDS. ALEN,CLORALEX,"FABRIC TREATMENT and SANIT
",LIQUIDO,CLORO,CLORO,MASCOTAS,BLEACH,4868.804,125905.779,12.765319642857142,13560.487000000001,14183.011,10200.879,4563.696,14728.957,5715.858,62952.891,0
7501025412005,CLORALEX MASCOTAS BOT PLAST 3750ML NAL 7501025412005,INDS. ALEN,CLORALEX,"FABRIC TREATMENT and SANIT
",LIQUIDO,CLORO,CLORO,MASCOTAS,BLEACH,1676.297,132197.343,7.562221428571429,9459.404,12709.283,10956.307,6933.974,18300.094,7739.609,66098.672,0
7501025412012,CLORALEX MASCOTAS BOT PLAST 5000ML NAL 7501025412012,INDS. ALEN,CLORALEX,"FABRIC TREATMENT and SANIT
",LIQUIDO,CLORO,CLORO,MASCOTAS,BLEACH,48.03,4832.2970000000005,5.1476,0.0,2104.821,211.704,99.632,0.0,0.0,2416.14,0
7501025412104,CLORALEX AROMA CLORO LIQUIDO FLORAL BP 950ML 7501025412104,INDS. ALEN,CLORALEX,"FABRIC TREATMENT and SANIT
",LIQUIDO,CLORO,CLORO,NO DEFINIDO,BLEACH,1987.765,32969.999,9.606110714285714,5360.062,6087.375,986.215,928.461,1041.541,2081.343,16485.002,0
7501025412135,CLORALEX AROMA CLORO LIQUIDO FLORAL BP 3.75L 7501025412135,INDS. ALEN,CLORALEX,"FABRIC TREATMENT and SANIT
",LIQUIDO,CLORO,CLORO,NO DEFINIDO,BLEACH,743.931,35461.775,5.379507142857142,3568.0389999999998,5318.813,1764.806,1713.157,2027.393,3338.677,17730.89,0
7501025412142,CLORALEX AROMAS BLANQUEADOR C/AROMA LAVANDA GARRAFA 10LTS 7501025412142,INDS. ALEN,CLORALEX,"FABRIC TREATMENT and SANIT
",LIQUIDO,CLORO,CLORO,NO DEFINIDO,BLEACH,11.434,1418.715,4.8223392857142855,68.646,132.933,148.122,99.259,158.136,102.262,709.357,0
7501025412357,CLORALEX EL RENDIDOR CLORO LIQ DESINFECT C/G500ML BOT=3.75L 7501025412357,INDS. ALEN,CLORALEX,"FABRIC TREATMENT and SANIT
",LIQUIDO,CLORO,CLORO,MULTIUSOS,BLEACH,1185.592,47399.116,13.617418518518518,1362.752,3695.487,3768.967,3117.936,4459.75,7294.67,23699.554,0
7501025412401,CLORALEX COLOR PODER VINAGRE BOT 950 ML NAL 7501025412401,INDS. ALEN,CLORALEX,"FABRIC TREATMENT and SANIT
",LIQUIDO,SAFE BLEACH,FABRIC TREATMENT,PRE LAVADOR,PRETREAT,135.891,3656.3469999999998,4.171704845814978,133.352,251.417,263.312,270.084,447.51,462.498,1828.174,0
7501025412418,CLORALEX COLOR PODER VINAGRE BOT 1800 ML NAL 7501025412418,INDS. ALEN,CLORALEX,"FABRIC TREATMENT and SANIT
",LIQUIDO,SAFE BLEACH,FABRIC TREATMENT,PRE LAVADOR,PRETREAT,0.002,0.088,1.0,0.0,0.044,0.0,0.0,0.0,0.0,0.044,0
7501025412784,CLORALEX COLOR QUITAMANCHAS BOT 950 ML 7501025412784,INDS. ALEN,CLORALEX,"FABRIC TREATMENT and SANIT
",LIQUIDO,SAFE BLEACH,FABRIC TREATMENT,PRE LAVADOR,PRETREAT,1553.719,36227.222,7.41985,1648.55,5797.34,2265.683,2090.523,2906.535,3404.982,18113.609,0
7501025418106,CLORALEX BLANQUEADOR FLORES MEXICANAS BOT PLAS 2 LT 7501025418106,INDS. ALEN,CLORALEX,"FABRIC TREATMENT and SANIT
",LIQUIDO,CLORO,CLORO,NO DEFINIDO,BLEACH,0.004,0.048,2.0,0.024,0.0,0.0,0.0,0.0,0.0,0.024,0
7501025441326BP2,CLORALEX ELRENDIDORLIQBP950ML+PINOLELORIGCITRICOBP828MPVPESP 7501025441326BP2,INDS. ALEN,CLORALEX,"FABRIC TREATMENT and SANIT
",LIQUIDO,CLORO,CLORO,NO DEFINIDO,BLEACH,0.002,0.008,1.0,0.004,0.0,0.0,0.0,0.0,0.0,0.004,0
7501025441487BP1,CLORALEX EL RENDIDOR LIQ BP950ML+MM EL RENDIDOR GEL BP950ML 7501025441487BP1,INDS. ALEN,CLORALEX,"FABRIC TREATMENT and SANIT
",LIQUIDO,CLORO,CLORO,NO DEFINIDO,BLEACH,0.012,0.14,1.0,0.0,0.0,0.0,0.0,0.0,0.07,0.07,0
7501025441487BP2,CLORALEX EL RENDIDOR GEL BP950ML+MM EL RENDIDOR LIQ BP950ML 7501025441487BP2,INDS. ALEN,CLORALEX,"FABRIC TREATMENT and SANIT
",GEL,CLORO,CLORO,MULTIUSOS,BLEACH,0.012,0.164,1.0,0.0,0.0,0.0,0.0,0.0,0.082,0.082,0
7501025450212,CLORALEX EL RENDIDOR BOT 1900+100ML= 2LT 7501025450212,INDS. ALEN,CLORALEX,"FABRIC TREATMENT and SANIT
",LIQUIDO,CLORO,CLORO,NO DEFINIDO,BLEACH,10079.695,241498.884,127.8157,3284.239,48502.578,4926.089,12692.210000000001,9766.257,41578.067,120749.444,0
7501025450632,CLORALEX EL RENDIDOR BOT PLAST 3750ML+300ML GRATIS 4050ML 7501025450632,INDS. ALEN,CLORALEX,"FABRIC TREATMENT and SANIT
",LIQUIDO,CLORO,CLORO,NO DEFINIDO,BLEACH,0.004,0.22199999999999998,1.0,0.11099999999999999,0.0,0.0,0.0,0.0,0.0,0.11099999999999999,0
7501025450984BP1,CLORALEX RENDIDOR BOT 950ML+MM MASCOTAS BOT 950ML 7501025450984BP1,INDS. ALEN,CLORALEX,"FABRIC TREATMENT and SANIT
",LIQUIDO,CLORO,CLORO,NO DEFINIDO,BLEACH,21.186,260.63,5.569432314410481,1.992,2.29,14.952,11.189,33.769,66.126,130.312,0
7501025450984BP2,CLORALEX MASCOTAS BOT 950ML+MM RENDIDOR BOT 950ML 7501025450984BP2,INDS. ALEN,CLORALEX,"FABRIC TREATMENT and SANIT
",LIQUIDO,CLORO,CLORO,MASCOTAS,BLEACH,21.186,443.773,5.569432314410481,3.392,3.9,25.46,19.049,57.494,112.595,221.883,0
7501026030109,CLORO PURO SOL BOT PLAS 1000 ML LA CORONA 7501026030109,LA CORONA,PURO SOL,"FABRIC TREATMENT and SANIT
",LIQUIDO,CLORO,CLORO,NO DEFINIDO,BLEACH,2.966,74.082,1.8010535714285714,36.852,0.0,0.192,0.0,0.0,0.0,37.038,0
7501041505309,EL TIMON BLANQUEADOR AZUL PARA ROPA 50SOBRES 10GR C/U 7501041505309,OTHERS FABRICANTE UNIF.,OTHERS MARCA UNIF.,"FABRIC TREATMENT and SANIT
",POLVO,CLORO,CLORO,NO DEFINIDO,BLEACH,0.044,1.54,2.1666666666666665,0.0,0.0,0.0,0.0,0.0,0.77,0.77,0
7501041508652,MYRSEL CLORO INCOLORO E INHOLORO GARRAFON 20LTS NAL 7501041508652,OTHERS FABRICANTE UNIF.,OTHERS MARCA UNIF.,"FABRIC TREATMENT and SANIT
",LIQUIDO,CLORO,CLORO,NO DEFINIDO,BLEACH,2.736,538.056,1.49635,0.0,0.0,0.0,0.0,0.0,269.028,269.028,0
7501042300033,PATITO CLORO PATITO BOT.PLAST.960 ML NAL. 7501042300033,QUIMICA GONCAL,PATITO,"FABRIC TREATMENT and SANIT
",LIQUIDO,CLORO,CLORO,NO DEFINIDO,BLEACH,130.644,1602.676,16.7129625,0.0,801.338,0.0,0.0,0.0,0.0,801.338,0
7501042301733,CLORTEX BLANQUEADOR BOT 1890ML NAL 7501042301733,QUIMICA GONCAL,CLORTEX,"FABRIC TREATMENT and SANIT
",LIQUIDO,CLORO,CLORO,NO DEFINIDO,BLEACH,409.557,8349.168,30.32617916666667,0.0,4097.793,0.0,76.795,0.0,0.0,4174.58,0
7501042301740,CLORTEX BLANQUEADOR CONCENTRADO SIN AROMA GARRAFON 3.75 LT 7501042301740,QUIMICA GONCAL,CLORTEX,"FABRIC TREATMENT and SANIT
",LIQUIDO,CLORO,CLORO,NO DEFINIDO,BLEACH,696.33,21835.724,44.520004166666666,0.0,10757.426,0.0,160.437,0.0,0.0,10917.861,0
7501042301757,CLORTEX BOT PLAS 950 ML NAL. 7501042301757,QUIMICA GONCAL,CLORTEX,"FABRIC TREATMENT and SANIT
",LIQUIDO,CLORO,CLORO,NO DEFINIDO,BLEACH,187.674,2314.873,20.43605416666667,0.0,1126.642,0.0,30.798,0.0,0.0,1157.433,0
7501042301764,CLORTEX AROMA FLORAL BOT PLAS 3750ML NAL 7501042301764,QUIMICA GONCAL,CLORTEX,"FABRIC TREATMENT and SANIT
",LIQUIDO,CLORO,CLORO,NO DEFINIDO,BLEACH,65.657,2057.756,6.668151376146788,0.0,1023.145,0.0,5.741,0.0,0.0,1028.8700000000001,0
7501042301771,CLORTEX AROMA LAVANDA BOT PLAS 3750ML NAL 7501042301771,QUIMICA GONCAL,CLORTEX,"FABRIC TREATMENT and SANIT
",LIQUIDO,CLORO,CLORO,NO DEFINIDO,BLEACH,70.03,2216.042,6.585755458515283,0.0,1099.606,0.0,8.421,0.0,0.0,1108.015,0
7501042301788,CLORTEX AROMA MANZANA VERDE BOT PLAS 3750ML NAL 7501042301788,QUIMICA GONCAL,CLORTEX,"FABRIC TREATMENT and SANIT
",LIQUIDO,CLORO,CLORO,NO DEFINIDO,BLEACH,1.366,45.113,1.5635277777777776,0.0,20.58,0.0,1.9780000000000002,0.0,0.0,22.555,0
7501042302556,LA JAPONESA BLANQUEADOR BOT PLAST 150GR NAL 7501042302556,LA JAPONESA,LA JAPONESA,"FABRIC TREATMENT and SANIT
",POLVO,CLORO,CLORO,NO DEFINIDO,BLEACH,2.15,35.84,3.048483870967742,0.0,17.92,0.0,0.0,0.0,0.0,17.92,0
7501042306561,CLORTEX BLANQUEADOR MASCOTAS BOTELLA 3.75 LT 7501042306561,QUIMICA GONCAL,CLORTEX,"FABRIC TREATMENT and SANIT
",LIQUIDO,CLORO,CLORO,MASCOTAS,BLEACH,1.324,96.74,1.2462408376963352,0.0,45.395,0.0,2.978,0.0,0.0,48.367,0
7501058712813,VANISH OXI ACTION QUITAMANCHAS P/ROPA BOTE 240G 7501058712813,RECKITT,VANISH,"FABRIC TREATMENT and SANIT
",POLVO,SAFE BLEACH,FABRIC TREATMENT,ROSA,POWDER,0.586,28.884999999999998,1.8344032258064518,3.887,3.152,3.47,0.059,2.322,1.553,14.442,0
7501058713780,VANISH OXI ACTION ROSA QUITA MANCHAS PARA LA ROPA BOT 150GR 7501058713780,RECKITT,VANISH,"FABRIC TREATMENT and SANIT
",POLVO,SAFE BLEACH,FABRIC TREATMENT,ROSA,POWDER,0.162,3.58,1.5078470588235295,0.27,0.579,0.07200000000000001,0.26,0.388,0.222,1.789,0
7501058714596,VANISH SUPER BARRA QUITA MANCHAS 68GR 7501058714596,RECKITT,VANISH,"FABRIC TREATMENT and SANIT
",BARRA,SAFE BLEACH,FABRIC TREATMENT,ROSA,BAR,8059.988,99483.947,21.142191071428574,5123.734,13431.382,6324.743,6011.323,8054.443,10796.353000000001,49741.969,0
7501058715012,VANISH OXI ACTION CRISTAL WHITE BOT 150GR 7501058715012,RECKITT,VANISH,"FABRIC TREATMENT and SANIT
",POLVO,SAFE BLEACH,FABRIC TREATMENT,BLANCO,POWDER,0.11800000000000001,3.106,1.2638840579710144,0.40800000000000003,0.357,0.227,0.091,0.412,0.06,1.551,0
7501058715029,VANISH MULTIUSOS REMOVEDOR S/CLORO DE MANCHAS DOYPACK 500ML 7501058715029,RECKITT,VANISH,"FABRIC TREATMENT and SANIT
",LIQUIDO,SAFE BLEACH,FABRIC TREATMENT,ROSA,LIQUID & GEL,0.092,1.784,5.111111111111111,0.44699999999999995,0.445,0.0,0.0,0.0,0.0,0.892,0
7501058715036,VANISH WHITE QUITAMANCHAS Y BLANQ.S/CLORO DOYPACK 500ML 7501058715036,RECKITT,VANISH,"FABRIC TREATMENT and SANIT
",LIQUIDO,SAFE BLEACH,FABRIC TREATMENT,BLANCO,LIQUID & GEL,0.060000000000000005,1.206,2.0,0.299,0.02,0.026,0.0,0.078,0.18,0.603,0
7501058715098,VANISH OXI ACTION QUITA MANCHAS BOT 240GR 7501058715098,RECKITT,VANISH,"FABRIC TREATMENT and SANIT
",POLVO,SAFE BLEACH,FABRIC TREATMENT,BLANCO,POWDER,0.386,19.926,1.3781503759398497,2.921,1.787,2.08,0.116,2.578,0.481,9.963000000000001,0
7501058715364,VANISH MULTIUSOS REMOV S/CLORO MANCHAS BOT 420ML 7501058715364,RECKITT,VANISH,"FABRIC TREATMENT and SANIT
",LIQUIDO,SAFE BLEACH,FABRIC TREATMENT,ROSA,LIQUID & GEL,2.076,42.248,4.8860379746835445,0.0,0.0,0.0,0.0,0.0,21.124,21.124,0
7501058715531,VANISH COLOR QUITAMANCHAS GEL DOYPACK 150ML 7501058715531,RECKITT,VANISH,"FABRIC TREATMENT and SANIT
",GEL,SAFE BLEACH,FABRIC TREATMENT,ROSA,LIQUID & GEL,449.865,5975.95,5.955166666666667,266.289,475.772,553.132,534.25,664.86,493.679,2987.968,0
7501058715883,VANISH OXI ACTION GOLD QUITAMANCHAS BOLSA 1.8KG 7501058715883,RECKITT,VANISH,"FABRIC TREATMENT and SANIT
",POLVO,SAFE BLEACH,FABRIC TREATMENT,ROSA,POWDER,224.849,53622.172,2.2554267857142856,1756.501,3008.714,4404.632,3220.278,11930.064,2490.897,26811.086,0
7501058715890,VANISH OXI ACTION CRISTAL WHITE BOLSA 1.8KG 7501058715890,RECKITT,VANISH,"FABRIC TREATMENT and SANIT
",POLVO,SAFE BLEACH,FABRIC TREATMENT,BLANCO,POWDER,229.914,53778.066,2.3053839285714286,2224.235,3431.407,4672.147,3138.711,10686.597,2735.94,26889.029,0
7501058716064,VANISH OXI ACTION ROSA QUITA/MANCHAS P/ROPA BOT 810GR 7501058716064,RECKITT,VANISH,"FABRIC TREATMENT and SANIT
",POLVO,SAFE BLEACH,FABRIC TREATMENT,ROSA,POWDER,38.134,4844.571,1.9410858676207514,186.25300000000001,316.828,263.166,303.04,642.946,710.048,2422.29,0
7501058716071,VANISH OXI ACTION CRISTAL WHITE QUITAMANCHAS P/ROPA BOT810GR 7501058716071,RECKITT,VANISH,"FABRIC TREATMENT and SANIT
",POLVO,SAFE BLEACH,FABRIC TREATMENT,BLANCO,POWDER,41.125,5457.439,2.185183123877917,183.932,245.309,286.378,356.956,877.567,778.574,2728.723,0
7501058716088,VANISH ROSA MULTIUSO REMOVEDOR SIN CLORO DE MANCHAS BOT3.6LT 7501058716088,RECKITT,VANISH,"FABRIC TREATMENT and SANIT
",LIQUIDO,SAFE BLEACH,FABRIC TREATMENT,ROSA,LIQUID & GEL,126.385,18389.148,2.626107142857143,617.299,1702.639,1270.914,1115.342,2611.001,1877.382,9194.571,0
7501058716095,VANISH WHITE LIQUIDO QUITAMANCHAS+BLANQ S/CLORO BOT 3.6LT 7501058716095,RECKITT,VANISH,"FABRIC TREATMENT and SANIT
",LIQUIDO,SAFE BLEACH,FABRIC TREATMENT,BLANCO,LIQUID & GEL,78.078,11358.262999999999,1.9821125,408.867,1095.046,749.533,678.1610000000001,1535.996,1211.528,5679.132,0
7501058716422,VANISH OXI ACTION GOLD QUITAMANCHA AHORRO DEL 30% BOT 400GR 7501058716422,RECKITT,VANISH,"FABRIC TREATMENT and SANIT
",POLVO,SAFE BLEACH,FABRIC TREATMENT,ROSA,POWDER,33.604,2223.719,2.747488372093023,67.899,89.13,150.03,176.469,396.885,231.458,1111.848,0
7501058716439,VANISH OXI ACTION GOLD QUITAMANCHAS AHORRO DEL 25% BOT 500GR 7501058716439,RECKITT,VANISH,"FABRIC TREATMENT and SANIT
",POLVO,SAFE BLEACH,FABRIC TREATMENT,ROSA,POWDER,0.0,0.07,0.125,0.021,0.007,0.0,0.0,0.0,0.007,0.035,0
7501058716446,VANISH OXI ACTION CRISTAL WHITE AHORRO DEL 25% BOT 500GR 7501058716446,RECKITT,VANISH,"FABRIC TREATMENT and SANIT
",POLVO,SAFE BLEACH,FABRIC TREATMENT,BLANCO,POWDER,0.002,0.014,1.0,0.0,0.0,0.0,0.0,0.0,0.007,0.007,0
7501058716453,VANISH MULTIUSOS ROSA REMOV/MAN SUPER AHORRO DEL30% BOT1.5LT 7501058716453,RECKITT,VANISH,"FABRIC TREATMENT and SANIT
",LIQUIDO,SAFE BLEACH,FABRIC TREATMENT,ROSA,LIQUID & GEL,5.258,340.424,1.948771217712177,6.218,14.138,6.246,19.688,51.316,72.615,170.203,0
7501058716477,VANISH MULTIUSOS REMOVEDOR D/MANCHAS 25%GRATIS DOYPACK 650ML 7501058716477,RECKITT,VANISH,"FABRIC TREATMENT and SANIT
",LIQUIDO,SAFE BLEACH,FABRIC TREATMENT,ROSA,LIQUID & GEL,57.214,1609.54,5.360274193548387,0.0,767.264,0.0,16.195,0.0,21.319,804.762,0
7501058716767,VANISH ROSA QUITAMANCHAS GEL BOT 3.8 LT PROM ESP 7501058716767,RECKITT,VANISH,"FABRIC TREATMENT and SANIT
",GEL,SAFE BLEACH,FABRIC TREATMENT,ROSA,LIQUID & GEL,874.5,132086.569,5.24534022556391,4516.191,6051.695,15314.825,9819.562,23626.601,6714.403,66043.292,0
7501058716798,VANISH CRYSTAL WHITE QUITAMANCHAS GEL BOT 3.8 LT PROM ESP 7501058716798,RECKITT,VANISH,"FABRIC TREATMENT and SANIT
",GEL,SAFE BLEACH,FABRIC TREATMENT,BLANCO,LIQUID & GEL,480.586,72658.358,3.39128007518797,2877.536,3565.67,8396.207,4967.05,13247.174,3275.539,36329.182,0
7501058716804,VANISH OXY ACTION ROSA PRELAVADOR PARA ROPA DOYPACK 500ML 7501058716804,RECKITT,VANISH,"FABRIC TREATMENT and SANIT
",LIQUIDO,PRELAVADOR,FABRIC TREATMENT,ROSA,PRETREAT,234.556,18734.519,2.667919642857143,1089.351,2863.912,1403.691,894.182,1852.398,1263.727,9367.258,0
7501058717009,VANISH OXI ACTION ROSA QUITAMANCHAS BOT 120GR 7501058717009,RECKITT,VANISH,"FABRIC TREATMENT and SANIT
",POLVO,SAFE BLEACH,FABRIC TREATMENT,ROSA,POWDER,0.044,0.864,1.162162162162162,0.02,0.06,0.132,0.12,0.08,0.02,0.432,0
7501058717016,VANISH OXI ACTION CRISTAL WHITE BOT 120 GR 7501058717016,RECKITT,VANISH,"FABRIC TREATMENT and SANIT
",POLVO,SAFE BLEACH,FABRIC TREATMENT,BLANCO,POWDER,0.218,4.36,2.5049117647058825,0.06,0.74,1.3,0.0,0.0,0.08,2.18,0
7501058717023,VANISH ROSA QUITAMANCHAS GEL MULTIUSOS POUCH 450 ML 7501058717023,RECKITT,VANISH,"FABRIC TREATMENT and SANIT
",GEL,SAFE BLEACH,FABRIC TREATMENT,ROSA,LIQUID & GEL,7024.094,158725.72,31.705505357142854,6243.884,11141.742,15391.071,12205.66,24198.836,10181.664,79362.863,0
7501058717030,VANISH CRYSTAL WHITE QUITAMANCHAS GEL POUCH 450 ML 7501058717030,RECKITT,VANISH,"FABRIC TREATMENT and SANIT
",GEL,SAFE BLEACH,FABRIC TREATMENT,BLANCO,LIQUID & GEL,5046.584,114642.364,23.00371607142857,4909.512,8060.681,11301.771,8645.886,17485.956,6917.378,57321.18,0
7501058717115,LYSOL CRISP LINEN SANITIZANTE DE ROPA BOT 1 LT 7501058717115,RECKITT,LYSOL,"FABRIC TREATMENT and SANIT
",LIQUIDO,SANITIZANTE,SANITIZANTE,SANITIZANTE,SANITIZER,26.663,2290.189,1.5676833333333333,67.017,354.096,144.563,130.19,290.946,158.281,1145.096,0
7501058717122,LYSOL SANITIZANTE DE ROPA CRISP LINEN BOT 2 LT 7501058717122,RECKITT,LYSOL,"FABRIC TREATMENT and SANIT
",LIQUIDO,SANITIZANTE,SANITIZANTE,SANITIZANTE,SANITIZER,22.09,3436.402,1.6812960000000001,80.621,589.5169999999999,193.101,193.975,390.859,270.13100000000003,1718.198,0
7501058717252,LYSOL SANITIZANTE DE ROPA CRISP LINEN SCENT POUCH 500 ML 7501058717252,RECKITT,LYSOL,"FABRIC TREATMENT and SANIT
",LIQUIDO,SANITIZANTE,SANITIZANTE,SANITIZANTE,SANITIZER,116.217,5977.845,1.9672053571428572,209.862,620.056,408.939,422.713,830.342,497.015,2988.918,0
7501058717276,LYSOL SANITIZANTE DE ROPA SPORT BOTELLA 1.21 LT 7501058717276,RECKITT,LYSOL,"FABRIC TREATMENT and SANIT
",LIQUIDO,SANITIZANTE,SANITIZANTE,SANITIZANTE,SANITIZER,31.216,3958.033,1.6474780793319417,114.513,274.729,322.905,230.294,868.348,168.23,1979.0140000000001,0
7501058751188,VANISH WHITE REMOVEDOR DE MANCHAS BOT   1700 ML 7501058751188,RECKITT,VANISH,"FABRIC TREATMENT and SANIT
",LIQUIDO,SAFE BLEACH,FABRIC TREATMENT,BLANCO,LIQUID & GEL,489.596,47081.627,3.1435839285714287,2592.631,4204.197,3613.454,2487.709,7655.123,2987.698,23540.815,0
7501058751195,VANISH WHITE BOTELLA 900 ML 7501058751195,RECKITT,VANISH,"FABRIC TREATMENT and SANIT
",LIQUIDO,SAFE BLEACH,FABRIC TREATMENT,BLANCO,LIQUID & GEL,1687.384,92228.2,4.926205357142858,6267.533,11348.436,7510.26,5280.378,10065.654,5641.843,46114.096,0
7501058751461,VANISH WHITE REMOVERD D/MANCHAS Y BLANQ.S/CLORO LIQ.BOT4000M 7501058751461,RECKITT,VANISH,"FABRIC TREATMENT and SANIT
",LIQUIDO,SAFE BLEACH,FABRIC TREATMENT,BLANCO,LIQUID & GEL,276.904,49656.423,2.538994642857143,3135.22,5849.018,3635.24,2533.049,7356.446,2319.236,24828.214,0
7501058752772,VANISH PINK DESMANCHADOR LIQ. BOTELLA 450 ML NAL 7501058752772,RECKITT,VANISH,"FABRIC TREATMENT and SANIT
",LIQUIDO,SAFE BLEACH,FABRIC TREATMENT,ROSA,LIQUID & GEL,95.885,2626.317,5.521618421052632,0.0,863.578,0.0,5.92,0.0,443.664,1313.155,0
7501058753205,VANISH EXTRA-HIGIENE BOTELLA PLASTICO 900 ML 7501058753205,RECKITT,VANISH,"FABRIC TREATMENT and SANIT
",LIQUIDO,SAFE BLEACH,FABRIC TREATMENT,ROSA,LIQUID & GEL,0.034,0.842,1.2,0.021,0.042,0.074,0.036,0.203,0.045,0.421,0
7501058753441,VANISH PODER O2 DOYPACK 120 GR 7501058753441,RECKITT,VANISH,"FABRIC TREATMENT and SANIT
",POLVO,SAFE BLEACH,FABRIC TREATMENT,ROSA,POWDER,2523.45,57241.537,8.505564285714286,4038.053,6025.597,4079.378,3931.535,5680.016,4866.187,28620.771,0
7501058753458,VANISH PODER O2 CRYSTAL WHITE DOYPACK 120 GR 7501058753458,RECKITT,VANISH,"FABRIC TREATMENT and SANIT
",POLVO,SAFE BLEACH,FABRIC TREATMENT,BLANCO,POWDER,2937.91,66017.245,10.050616071428571,3215.234,7425.118,5323.682,4562.59,6918.235,5563.7609999999995,33008.625,0
7501058755834,HARPIC ULTRA CLORO GEL CITRUS BOT 650ML 7501058755834,RECKITT,HARPIC,"FABRIC TREATMENT and SANIT
",GEL,CLORO,CLORO,MULTIUSOS,BLEACH,0.002,0.074,1.0,0.037,0.0,0.0,0.0,0.0,0.0,0.037,0
7501058757449,VANISH PODER02 CRYSTAL WHITE S/C PVO. ROPA TARRO PLAST.900GR 7501058757449,RECKITT,VANISH,"FABRIC TREATMENT and SANIT
",POLVO,SAFE BLEACH,FABRIC TREATMENT,BLANCO,POWDER,339.193,58528.085,2.7747928571428573,2754.065,6407.341,4372.718,3135.789,10274.912,2319.212,29264.048,0
7501058757463,VANISH WHITE LIQ REMOVEDOR DE MANCHAS BOT 435ML NAL 7501058757463,RECKITT,VANISH,"FABRIC TREATMENT and SANIT
",LIQUIDO,SAFE BLEACH,FABRIC TREATMENT,BLANCO,LIQUID & GEL,54.742,1466.406,4.302987113402062,0.0,689.974,5.571,12.013,25.644,0.0,733.204,0
7501058757548,VANISH ROSA COLOR LIQ. DOYPACK 650ML NAL 7501058757548,RECKITT,VANISH,"FABRIC TREATMENT and SANIT
",LIQUIDO,SAFE BLEACH,FABRIC TREATMENT,ROSA,LIQUID & GEL,1582.341,60184.795,8.681587500000001,2334.791,8848.204,2952.5480000000002,3025.827,8278.436,4652.584,30092.405,0
7501058757555,VANISH WHITE LIQUIDO DOY PACK 600ML NAL 7501058757555,RECKITT,VANISH,"FABRIC TREATMENT and SANIT
",LIQUIDO,SAFE BLEACH,FABRIC TREATMENT,BLANCO,LIQUID & GEL,989.957,37964.668,6.1827982142857145,1839.187,4635.121,2251.376,2000.135,5123.027,3133.493,18982.329,0
7501058757630,VANISH PODER O2 PRE-LAVADOR BOT.ATOM. 650 ML NAL 7501058757630,RECKITT,VANISH,"FABRIC TREATMENT and SANIT
",LIQUIDO,PRELAVADOR,FABRIC TREATMENT,ROSA,PRETREAT,335.00600000000003,35511.238,3.0724410714285715,1792.881,4082.157,2335.506,1805.666,5868.905,1870.508,17755.615,0
7501058757791,VANISH BOT. 4000 ML. 7501058757791,RECKITT,VANISH,"FABRIC TREATMENT and SANIT
",LIQUIDO,SAFE BLEACH,FABRIC TREATMENT,ROSA,LIQUID & GEL,582.632,105346.441,3.491748214285714,5609.276,11031.535,7327.2699999999995,6090.242,15749.661,6865.237,52673.22,0
7501058757890,VANISH PODER O2 CRYSTAL WHITE BOTE 450  GR 7501058757890,RECKITT,VANISH,"FABRIC TREATMENT and SANIT
",POLVO,SAFE BLEACH,FABRIC TREATMENT,BLANCO,POWDER,1187.546,111346.25200000001,3.712969642857143,5598.6939999999995,9983.893,9013.185,6834.696,16790.756,7451.905,55673.123,0
7501058782694BP1,VANISH OXI ACTION QUITAMANCHAS BOT 450G C/GMM BOT 150GR 7501058782694BP1,RECKITT,VANISH,"FABRIC TREATMENT and SANIT
",POLVO,SAFE BLEACH,FABRIC TREATMENT,ROSA,POWDER,0.014,0.172,3.5,0.024,0.0,0.062,0.0,0.0,0.0,0.086,0
7501058784346,VANISH PODER 02 INTELLIGENCE POLVO BOT 900 GR NAL 7501058784346,RECKITT,VANISH,"FABRIC TREATMENT and SANIT
",POLVO,SAFE BLEACH,FABRIC TREATMENT,ROSA,POWDER,357.472,62095.191,2.613830357142857,2307.0,5743.859,4164.955,3489.876,12170.84,3171.063,31047.598,0
7501058784353,VANISH INTELLIGENCE POLVO BOTE 450 GR NAL 7501058784353,RECKITT,VANISH,"FABRIC TREATMENT and SANIT
",POLVO,SAFE BLEACH,FABRIC TREATMENT,ROSA,POWDER,1042.715,96865.268,3.3229357142857143,6461.408,7104.506,7394.305,6266.655,14703.541,6502.218,48432.635,0
7501058784889,VANISH MAX 3 BOT 925ML C /U=2775ML LLEVA 3 PAGA LA MITAD 7501058784889,RECKITT,VANISH,"FABRIC TREATMENT and SANIT
",LIQUIDO,SAFE BLEACH,FABRIC TREATMENT,ROSA,LIQUID & GEL,0.002,0.106,1.0,0.053,0.0,0.0,0.0,0.0,0.0,0.053,0
7501058786548BP1,VANISH Q.MANCHAS S/CLOR BOT.ROS925ML+MMROPA WITHE S/CLORB900 7501058786548BP1,RECKITT,VANISH,"FABRIC TREATMENT and SANIT
",LIQUIDO,SAFE BLEACH,FABRIC TREATMENT,ROSA,LIQUID & GEL,0.156,5.956,1.6803561643835616,0.08499999999999999,2.32,0.0,0.104,0.181,0.28800000000000003,2.978,0
7501058788931,VANISH MULTIUSOS DUOPACK ROSA QUITA MANCHAS 2BOT 925ML C/U 7501058788931,RECKITT,VANISH,"FABRIC TREATMENT and SANIT
",LIQUIDO,SAFE BLEACH,FABRIC TREATMENT,ROSA,LIQUID & GEL,0.062,2.528,2.597,0.229,0.075,0.0,0.96,0.0,0.0,1.264,0
7501058789778BP1,VANISH EXT HIGIENE REM MANCHAS GAL 4LT + VANISH WHITE 1LT 7501058789778BP1,RECKITT,VANISH,"FABRIC TREATMENT and SANIT
",LIQUIDO,SAFE BLEACH,FABRIC TREATMENT,ROSA,LIQUID & GEL,0.002,0.18,1.0,0.0,0.0,0.0,0.09,0.0,0.0,0.09,0
7501058790415BP1,VANISH ROSA QUITAMANCHAS BOT 450 GR C/G MM BOT 240GR 7501058790415BP1,RECKITT,VANISH,"FABRIC TREATMENT and SANIT
",POLVO,SAFE BLEACH,FABRIC TREATMENT,ROSA,POWDER,0.06,4.45,1.5769230769230769,2.225,0.0,0.0,0.0,0.0,0.0,2.225,0
7501058792778BP1,VANISHOXIACTIONROSABOTE900GR+MMCRYSTALWHITEDOYPACK120GRPVP 7501058792778BP1,RECKITT,VANISH,"FABRIC TREATMENT and SANIT
",POLVO,SAFE BLEACH,FABRIC TREATMENT,ROSA,POWDER,67.461,8659.57,2.4384130434782607,251.703,450.374,710.125,520.768,2011.973,384.843,4329.784,0
7501058792778BP2,VANISHOXIACTIONCRYSTALWHITEDOYPACK120GR+MMROSABOTE900GRPVP 7501058792778BP2,RECKITT,VANISH,"FABRIC TREATMENT and SANIT
",POLVO,SAFE BLEACH,FABRIC TREATMENT,BLANCO,POWDER,67.461,1409.708,2.4384130434782607,40.974,73.318,115.604,84.779,327.53499999999997,62.648,704.85,0
7501058792808BP1,VANISHOXIACTIONCRYSTALWHITEBOTE900GR+MMROSADOYPACK120GRPVP 7501058792808BP1,RECKITT,VANISH,"FABRIC TREATMENT and SANIT
",POLVO,SAFE BLEACH,FABRIC TREATMENT,BLANCO,POWDER,72.958,9277.478,2.78904835589942,389.945,582.361,816.301,490.057,1920.92,439.16,4638.734,0
7501058792808BP2,VANISHOXIACTIONROSADOYPACK120GR+MMCRYSTALWHITEBOTE900GRPVP 7501058792808BP2,RECKITT,VANISH,"FABRIC TREATMENT and SANIT
",POLVO,SAFE BLEACH,FABRIC TREATMENT,ROSA,POWDER,72.958,1510.287,2.78904835589942,63.484,94.80199999999999,132.887,79.775,312.711,71.488,755.14,0
7501058793898,VANISH ROSA MULTIUSOS REMOVEDOR MANC 3X2 BOT 925MLC/U=2775ML 7501058793898,RECKITT,VANISH,"FABRIC TREATMENT and SANIT
",LIQUIDO,SAFE BLEACH,FABRIC TREATMENT,ROSA,LIQUID & GEL,0.022,1.11,1.5714285714285714,0.083,0.378,0.094,0.0,0.0,0.0,0.5549999999999999,0
7501058794949BP1,VANISH GEL ROSA BOT 4LT + MM CRYSTAL WHITE POUCH 600ML PVP 7501058794949BP1,RECKITT,VANISH,"FABRIC TREATMENT and SANIT
",GEL,SAFE BLEACH,FABRIC TREATMENT,ROSA,LIQUID & GEL,33.28,4268.894,3.16278223495702,204.458,381.57099999999997,441.574,211.17,728.909,166.77,2134.442,0
7501058794949BP2,VANISH GEL CRYSTAL WHITE POUCH 600ML + MM ROSA BOT 4LT PVP 7501058794949BP2,RECKITT,VANISH,"FABRIC TREATMENT and SANIT
",GEL,SAFE BLEACH,FABRIC TREATMENT,BLANCO,LIQUID & GEL,33.28,637.878,3.16278223495702,30.555,57.018,65.981,31.554000000000002,108.91499999999999,24.918,318.937,0
7501058794956BP1,VANISH GEL CRYSTAL WHITE BOT 4LT + MM ROSA POUCH 650ML PVP 7501058794956BP1,RECKITT,VANISH,"FABRIC TREATMENT and SANIT
",GEL,SAFE BLEACH,FABRIC TREATMENT,BLANCO,LIQUID & GEL,19.996,2465.261,2.4204945652173913,97.30499999999999,308.777,212.573,120.008,415.087,78.884,1232.627,0
7501058794956BP2,VANISH GEL ROSA POUCH 650ML + MM CRYSTAL WHITE BOT 4LT PVP 7501058794956BP2,RECKITT,VANISH,"FABRIC TREATMENT and SANIT
",GEL,SAFE BLEACH,FABRIC TREATMENT,ROSA,LIQUID & GEL,19.996,469.57,2.4204945652173913,18.532,58.814,40.492,22.854000000000003,79.065,15.025,234.788,0
7501058794963BP1,VANISHOXIACTIONGOLDROSABOT900GR+MMCRYSTALWHITEBOT150GR PVP 7501058794963BP1,RECKITT,VANISH,"FABRIC TREATMENT and SANIT
",POLVO,SAFE BLEACH,FABRIC TREATMENT,ROSA,POWDER,1.868,205.762,2.9875785440613027,6.7620000000000005,19.48,17.813,6.076,43.258,9.489,102.884,0
7501058794963BP2,VANISHOXIACTIONGOLDCRYSTALWHITEBOT150GR+MMROSABOT900GR PVP 7501058794963BP2,RECKITT,VANISH,"FABRIC TREATMENT and SANIT
",POLVO,SAFE BLEACH,FABRIC TREATMENT,BLANCO,POWDER,1.868,30.754,2.9875785440613027,1.0110000000000001,2.914,2.661,0.912,6.462,1.419,15.375,0
7501058794970BP1,VANISHOXIACTIONGOLDCRYSTALWHITEBOT900GR+MMROSABOT150GR PVP 7501058794970BP1,RECKITT,VANISH,"FABRIC TREATMENT and SANIT
",POLVO,SAFE BLEACH,FABRIC TREATMENT,BLANCO,POWDER,0.152,20.921,1.3905671641791046,0.0,7.33,0.0,0.0,0.086,3.043,10.462,0
7501058794970BP2,VANISHOXIACTIONGOLDROSABOT150GR+MMCRYSTALWHITEBOT900GR PVP 7501058794970BP2,RECKITT,VANISH,"FABRIC TREATMENT and SANIT
",POLVO,SAFE BLEACH,FABRIC TREATMENT,ROSA,POWDER,0.152,3.1270000000000002,1.3905671641791046,0.0,1.097,0.0,0.0,0.013,0.455,1.562,0
7501058795892,LYSOL SANITIZANTE DE ROPA CRISP LINEN BOT 1.2 LT 7501058795892,RECKITT,LYSOL,"FABRIC TREATMENT and SANIT
",LIQUIDO,SANITIZANTE,SANITIZANTE,SANITIZANTE,SANITIZER,165.559,19977.773,1.9388714285714286,1392.939,1602.323,1214.476,1113.603,3712.163,953.382,9988.887,0
7501058795908,LYSOL CRISP LINEN SANITIZANTE DE ROPA BOT 2.66 LT 7501058795908,RECKITT,LYSOL,"FABRIC TREATMENT and SANIT
",LIQUIDO,SANITIZANTE,SANITIZANTE,SANITIZANTE,SANITIZER,136.433,34351.411,1.9884589285714287,1962.644,2306.636,2318.304,2387.078,6372.718,1828.326,17175.705,0
7501058796578BP1,VANISH GEL MULTIUSO BOT 925ML+MM CRYSTAL WHITE GEL BOT 900ML 7501058796578BP1,RECKITT,VANISH,"FABRIC TREATMENT and SANIT
",GEL,SAFE BLEACH,FABRIC TREATMENT,ROSA,LIQUID & GEL,87.264,4429.77,2.7704836363636365,164.32,890.193,389.223,211.571,414.614,144.964,2214.885,0
7501058796578BP2,VANISH CRYSTAL WHITE GEL BOT 900ML+MM GEL MULTIUSO BOT 925ML 7501058796578BP2,RECKITT,VANISH,"FABRIC TREATMENT and SANIT
",GEL,SAFE BLEACH,FABRIC TREATMENT,BLANCO,LIQUID & GEL,87.264,4429.77,2.7704836363636365,164.32,890.193,389.223,211.571,414.614,144.964,2214.885,0
7501058796585,VANISH GEL MULTIUSO PROMO PACK 2 BOT 925 ML C/U=1.85 LT 7501058796585,RECKITT,VANISH,"FABRIC TREATMENT and SANIT
",GEL,SAFE BLEACH,FABRIC TREATMENT,ROSA,LIQUID & GEL,89.386,8904.349,2.699710714285714,317.492,1561.387,563.747,422.618,951.38,635.55,4452.175,0
7501058796837,VANISH SUPERBARRAGOLDC/ENZIMA SUPERPRECIO 2PZAS68GRC/U=136GR 7501058796837,RECKITT,VANISH,"FABRIC TREATMENT and SANIT
",BARRA,SAFE BLEACH,FABRIC TREATMENT,ROSA,BAR,2.482,51.661,1.7941463414634147,2.093,18.87,0.657,2.991,0.621,0.612,25.817,0
7501058796844,VANISH SUPER BARRA WHITE GOLD SUPERPRECIO 2PZAS68GRC/U=136GR 7501058796844,RECKITT,VANISH,"FABRIC TREATMENT and SANIT
",BARRA,SAFE BLEACH,FABRIC TREATMENT,BLANCO,BAR,25.156,531.622,4.778131034482758,3.008,256.688,0.32,5.048,0.5660000000000001,0.19,265.802,0
7501058796851,VANISH OXI ACTION GOLD SUPER BARRA JUMBO 110 GR 7501058796851,RECKITT,VANISH,"FABRIC TREATMENT and SANIT
",BARRA,SAFE BLEACH,FABRIC TREATMENT,ROSA,BAR,1215.029,20074.314,19.497742857142857,931.235,1322.931,1539.874,1323.449,3508.658,1411.014,10037.153,0
7501058796868,VANISH OXI ACTION GOLD SUPER BARRA WHITE JUMBO 110 GR 7501058796868,RECKITT,VANISH,"FABRIC TREATMENT and SANIT
",BARRA,SAFE BLEACH,FABRIC TREATMENT,BLANCO,BAR,1453.469,23897.977,23.450730357142856,1163.373,1647.245,1912.075,1434.431,4259.44,1532.429,11948.984,0
7501058796950BP1,VANISHOXIACTIONROSAGELDOYPACK500ML+PLANCHYTEXBOTC/ATOM650ML 7501058796950BP1,RECKITT,VANISH,"FABRIC TREATMENT and SANIT
",GEL,SAFE BLEACH,FABRIC TREATMENT,ROSA,LIQUID & GEL,4.652,175.157,2.3796375,6.752,1.17,20.202,21.342,31.873,6.244,87.574,0
7501058797865BP2,LYSOL LAUNDRYSANITIZERPOUCH500M+MMDESINFCRISPLINENLAT354GPVP 7501058797865BP2,RECKITT,LYSOL,"FABRIC TREATMENT and SANIT
",LIQUIDO,SANITIZANTE,SANITIZANTE,SANITIZANTE,SANITIZER,31.308,565.219,2.9589105691056914,18.883,39.482,43.075,37.626,116.286,27.259,282.608,0
7501071900105,CLOROX REGULAR CONCENTRADO BOTPLAST.225 ML 7501071900105,CLOROX,CLOROX,"FABRIC TREATMENT and SANIT
",LIQUIDO,CLORO,CLORO,NO DEFINIDO,BLEACH,0.008,0.014,2.0,0.007,0.0,0.0,0.0,0.0,0.0,0.007,0
7501071900112,CLOROX REGULAR CONCENTRADO BOT PLAS 500 ML 7501071900112,CLOROX,CLOROX,"FABRIC TREATMENT and SANIT
",LIQUIDO,CLORO,CLORO,NO DEFINIDO,BLEACH,334.336,2103.725,15.65265029469548,17.503,427.131,169.418,99.048,114.153,224.617,1051.855,0
7501071900129,CLOROX REGULAR CONCENTRADO BOTPLAST.930 ML 7501071900129,CLOROX,CLOROX,"FABRIC TREATMENT and SANIT
",LIQUIDO,CLORO,CLORO,NO DEFINIDO,BLEACH,8041.87,103536.014,21.39892142857143,12016.894,14066.166,5866.398,4992.007,7793.702,7032.8369999999995,51768.01,0
7501071900136,CLOROX REGULAR CONCENTRADO BOTPLAST.1890ML 7501071900136,CLOROX,CLOROX,"FABRIC TREATMENT and SANIT
",LIQUIDO,CLORO,CLORO,NO DEFINIDO,BLEACH,3622.339,80405.369,16.125058928571427,6447.933,13868.238,3337.963,3709.564,6197.057,6641.925,40202.689,0
7501071900143,CLOROX REGULAR CONCENTRADO BOTPLAST.3800ML 7501071900143,CLOROX,CLOROX,"FABRIC TREATMENT and SANIT
",LIQUIDO,CLORO,CLORO,NO DEFINIDO,BLEACH,11129.23,399994.779,26.3952,18860.531,35003.241,38112.55,32277.513,39147.98,36595.58,199997.384,0
7501071900228,CLOROX FLORAL BOTELLA 930 ML. 7501071900228,CLOROX,CLOROX,"FABRIC TREATMENT and SANIT
",LIQUIDO,CLORO,CLORO,NO DEFINIDO,BLEACH,0.004,0.04,2.0,0.02,0.0,0.0,0.0,0.0,0.0,0.02,0
7501071900242,CLOROX FLORAL BOTELLA 3800 ML. 7501071900242,CLOROX,CLOROX,"FABRIC TREATMENT and SANIT
",LIQUIDO,CLORO,CLORO,NO DEFINIDO,BLEACH,0.002,0.074,1.0,0.0,0.0,0.037,0.0,0.0,0.0,0.037,0
7501071901393,CLOROX CONCENTRADO BLANQUEADOR BOT.PLAS 10000ML NAL 7501071901393,CLOROX,CLOROX,"FABRIC TREATMENT and SANIT
",LIQUIDO,CLORO,CLORO,NO DEFINIDO,BLEACH,9.464,961.151,3.584610687022901,11.328000000000001,5.867999999999999,29.944,32.386,43.543,357.507,480.575,0
7501071902086,CLOROX ROPA COLOR BOT. 930 ML 7501071902086,CLOROX,CLOROX,"FABRIC TREATMENT and SANIT
",LIQUIDO,SAFE BLEACH,FABRIC TREATMENT,PRE LAVADOR,PRETREAT,1621.908,51810.596,5.979005357142857,5186.309,4869.399,4209.623,3209.202,4686.275,3744.496,25905.292,0
7501071902093,CLOROX ROPA COLOR BOT. 1800 ML 7501071902093,CLOROX,CLOROX,"FABRIC TREATMENT and SANIT
",LIQUIDO,SAFE BLEACH,FABRIC TREATMENT,PRE LAVADOR,PRETREAT,287.216,17489.659,3.529280357142857,407.94,3151.1349999999998,1264.42,803.255,1641.782,1476.297,8744.83,0
7501071902109,CLOROX ROPA COLOR Q.MANCHAS LIQ. BOT. 3.8LT NAL 7501071902109,CLOROX,CLOROX,"FABRIC TREATMENT and SANIT
",LIQUIDO,SAFE BLEACH,FABRIC TREATMENT,PRE LAVADOR,PRETREAT,973.402,102663.663,3.9289357142857146,6035.139,8201.427,12044.335,7352.62,10632.219,7066.093,51331.83,0
7501071902314,CLOROX ROPA COLOR BOT 500 ML 7501071902314,CLOROX,CLOROX,"FABRIC TREATMENT and SANIT
",LIQUIDO,SAFE BLEACH,FABRIC TREATMENT,PRE LAVADOR,PRETREAT,34.638,606.383,5.499875,1.682,165.504,4.002,12.644,12.329,107.033,303.189,0
7501071902376,CLOROX BEBE BOT PLAST 1890 ML NAL 7501071902376,CLOROX,CLOROX,"FABRIC TREATMENT and SANIT
",LIQUIDO,CLORO,CLORO,ROPA BEBE,BLEACH,0.006,0.064,3.0,0.032,0.0,0.0,0.0,0.0,0.0,0.032,0
7501071902475BP2,CLOROX CONCENTRAD REG BOT 3800ML C/GMM ROPA BLANCA 495ML NAL 7501071902475BP2,CLOROX,CLOROX,"FABRIC TREATMENT and SANIT
",LIQUIDO,CLORO,CLORO,NO DEFINIDO,BLEACH,0.006,0.22999999999999998,1.0,0.11499999999999999,0.0,0.0,0.0,0.0,0.0,0.11499999999999999,0
7501071902918BP2,CLOROX CONCENTRADO REG BOT PLAS 3800ML C/GMM DESENG 495ML NA 7501071902918BP2,CLOROX,CLOROX,"FABRIC TREATMENT and SANIT
",LIQUIDO,CLORO,CLORO,NO DEFINIDO,BLEACH,0.008,0.292,1.97,0.146,0.0,0.0,0.0,0.0,0.0,0.146,0
7501071902956,CLOROX BLANQUEADOR CONCENTRADO 5.8L NAL 7501071902956,CLOROX,CLOROX,"FABRIC TREATMENT and SANIT
",LIQUIDO,CLORO,CLORO,NO DEFINIDO,BLEACH,2058.701,103651.954,13.032601785714284,4121.4980000000005,8080.206,9896.732,8618.601,10846.514,10262.432,51825.971,0
7501071903038,CLOROX ROPA COLOR QUITAMANCHAS BOT 1800MC/MM R.COL BOT 500ML 7501071903038,CLOROX,CLOROX,"FABRIC TREATMENT and SANIT
",LIQUIDO,SAFE BLEACH,FABRIC TREATMENT,PRE LAVADOR,PRETREAT,0.002,0.094,1.0,0.047,0.0,0.0,0.0,0.0,0.0,0.047,0
7501071903304,CLOROX AROMA MAGIA FLORAL BOT PLAST 930ML NAL 7501071903304,CLOROX,CLOROX,"FABRIC TREATMENT and SANIT
",LIQUIDO,CLORO,CLORO,NO DEFINIDO,BLEACH,160.64600000000002,2067.643,4.040016348773841,186.55,256.024,152.30599999999998,99.218,195.506,144.219,1033.82,0
7501071903311,CLOROX AROMA MAGIA FLORAL BOT PLAST 3800ML NAL 7501071903311,CLOROX,CLOROX,"FABRIC TREATMENT and SANIT
",LIQUIDO,CLORO,CLORO,NO DEFINIDO,BLEACH,963.378,35822.549,6.514651785714285,1963.437,6343.304,2628.96,2121.589,2901.755,1952.23,17911.274,0
7501071903335,CLOROX AROMA MENTA FRESCA BOT PLAST 930ML NAL 7501071903335,CLOROX,CLOROX,"FABRIC TREATMENT and SANIT
",LIQUIDO,CLORO,CLORO,NO DEFINIDO,BLEACH,0.01,0.122,1.0,0.0,0.019,0.0,0.042,0.0,0.0,0.061,0
7501071903359,CLOROX AROMA PUREZA CITRICA BOT PLAST 930ML NAL 7501071903359,CLOROX,CLOROX,"FABRIC TREATMENT and SANIT
",LIQUIDO,CLORO,CLORO,NO DEFINIDO,BLEACH,0.076,0.828,1.2326444444444444,0.012,0.135,0.0,0.242,0.01,0.015,0.414,0
7501071903366,CLOROX AROMA PUREZA CITRICA BOT PLAST 3800ML NAL 7501071903366,CLOROX,CLOROX,"FABRIC TREATMENT and SANIT
",LIQUIDO,CLORO,CLORO,NO DEFINIDO,BLEACH,1164.376,43797.436,7.5499535714285715,2459.956,5892.366,3537.864,2812.749,4757.327,2438.46,21898.714,0
7501071903427,CLOROX AROMA MAGIA FLORAL BOT PLAST 500ML NAL 7501071903427,CLOROX,CLOROX,"FABRIC TREATMENT and SANIT
",LIQUIDO,CLORO,CLORO,NO DEFINIDO,BLEACH,15.708,114.362,7.384576470588235,0.0,56.064,0.0,0.0,0.0,1.121,57.177,0
7501071903854,CLOROX AROMA MAGIA FLORAL BOT PLAS 1890 ML NAL 7501071903854,CLOROX,CLOROX,"FABRIC TREATMENT and SANIT
",LIQUIDO,CLORO,CLORO,NO DEFINIDO,BLEACH,210.196,4686.565,4.426945686900958,287.06,1121.838,213.048,170.732,292.336,258.27,2343.281,0
7501071903861,CLOROX PUREZA CITRICA BOT PLAS 1.89 LT 7501071903861,CLOROX,CLOROX,"FABRIC TREATMENT and SANIT
",LIQUIDO,CLORO,CLORO,NO DEFINIDO,BLEACH,335.95,6783.738,6.740407630522088,208.89000000000001,965.242,640.907,526.728,380.26,669.846,3391.865,0
7501071903878,CLOROX COLORES VIVOS ALEGRIA FLORAL BOTE 930 ML 7501071903878,CLOROX,CLOROX,"FABRIC TREATMENT and SANIT
",LIQUIDO,SAFE BLEACH,FABRIC TREATMENT,PRE LAVADOR,PRETREAT,622.118,20819.852,5.932258928571429,1001.251,1555.561,2799.958,1915.001,728.496,2409.657,10409.928,0
7501071903885,CLOROX ROPA COLOR ALEGRIA FLORAL  BOTELLA 1890 ML 7501071903885,CLOROX,CLOROX,"FABRIC TREATMENT and SANIT
",LIQUIDO,SAFE BLEACH,FABRIC TREATMENT,PRE LAVADOR,PRETREAT,229.826,13845.095,4.636742857142857,793.903,741.545,1622.989,900.084,2103.317,760.721,6922.536,0
7501071904103,CLOROX BLANCOS INTENSOS QUITAMANCHAS BOTELLA 930 ML 7501071904103,CLOROX,CLOROX,"FABRIC TREATMENT and SANIT
",LIQUIDO,SAFE BLEACH,FABRIC TREATMENT,BLANCO,LIQUID & GEL,40.012,972.934,4.3405418410041845,24.015,93.714,99.222,80.144,189.374,0.0,486.465,0
7501071904424,CLOROX ROPA COLOR ECONOPACK 730 ML 7501071904424,CLOROX,CLOROX,"FABRIC TREATMENT and SANIT
",LIQUIDO,SAFE BLEACH,FABRIC TREATMENT,PRE LAVADOR,PRETREAT,1660.966,41489.471,7.470437499999999,4679.296,3687.118,2660.487,2056.415,4522.5019999999995,3138.913,20744.74,0
7501071904431,CLOROX ROPA COLOR BOLSA 500 ML NAL 7501071904431,CLOROX,CLOROX,"FABRIC TREATMENT and SANIT
",LIQUIDO,SAFE BLEACH,FABRIC TREATMENT,PRE LAVADOR,PRETREAT,2492.07,38491.646,16.29165892857143,1756.626,2292.8269999999998,4602.651,3861.2,3270.346,3462.174,19245.822,0
7501071904448,CLOROX BLANCOS INTENSOS DOY PACK 730 ML 7501071904448,CLOROX,CLOROX,"FABRIC TREATMENT and SANIT
",LIQUIDO,SAFE BLEACH,FABRIC TREATMENT,BLANCO,LIQUID & GEL,0.012,0.132,1.0,0.033,0.0,0.011,0.0,0.022,0.0,0.066,0
7501071905285,CLOROX POWER GEL LIMP MULTIU MAGIA FLORAL BOTE 500ML 7501071905285,CLOROX,CLOROX,"FABRIC TREATMENT and SANIT
",GEL,CLORO,CLORO,MULTIUSOS,BLEACH,0.004,0.041999999999999996,1.0,0.020999999999999998,0.0,0.0,0.0,0.0,0.0,0.020999999999999998,0
7501071905292,CLOROX POWER GEL LIMP MULTIU MAGIA FLORAL BOTE 930ML 7501071905292,CLOROX,CLOROX,"FABRIC TREATMENT and SANIT
",GEL,CLORO,CLORO,MULTIUSOS,BLEACH,363.257,8406.76,3.281539285714286,589.163,1137.056,622.523,457.208,1234.643,162.786,4203.381,0
7501071905339,CLOROX POWER GEL MULTIU ORIGINAL BOTE 500ML 7501071905339,CLOROX,CLOROX,"FABRIC TREATMENT and SANIT
",GEL,CLORO,CLORO,MULTIUSOS,BLEACH,0.228,3.36,1.5575625,0.0,1.68,0.0,0.0,0.0,0.0,1.68,0
7501071905346,CLOROX POWER GEL LIMP MULTIU BOTE 930ML 7501071905346,CLOROX,CLOROX,"FABRIC TREATMENT and SANIT
",GEL,CLORO,CLORO,MULTIUSOS,BLEACH,190.945,4412.156,3.374991071428571,150.662,546.001,294.792,237.324,779.024,198.277,2206.076,0
7501071905537,CLOROX BLANQUEADOR TOTAL AIRES DE NAVIDAD BOT 1.89LT 7501071905537,CLOROX,CLOROX,"FABRIC TREATMENT and SANIT
",LIQUIDO,CLORO,CLORO,NO DEFINIDO,BLEACH,0.008,0.166,1.3333333333333333,0.083,0.0,0.0,0.0,0.0,0.0,0.083,0
7501071905551,CLOROX REG CONCENTRADO 20% GRATIS BOTE 1.89LT NAL 7501071905551,CLOROX,CLOROX,"FABRIC TREATMENT and SANIT
",LIQUIDO,CLORO,CLORO,NO DEFINIDO,BLEACH,5384.309,114560.832,26.722453571428574,5096.414,7654.509,12721.659,10505.033,9780.577,11522.219,57280.421,0
7501071905766,CLOROX POWER GEL CLORO+LIMP COCINAYBANOS MENTA FRESCA BT930M 7501071905766,CLOROX,CLOROX,"FABRIC TREATMENT and SANIT
",GEL,CLORO,CLORO,MULTIUSOS,BLEACH,2.322,48.539,1.8068129032258062,8.226,7.487,2.609,1.944,1.957,2.049,24.267,0
7501071906701,CLOROX BLANCOS BRILLANTES QUITAMANCHAS POUCH 730 ML 7501071906701,CLOROX,CLOROX,"FABRIC TREATMENT and SANIT
",LIQUIDO,SAFE BLEACH,FABRIC TREATMENT,BLANCO,LIQUID & GEL,355.503,9218.856,3.6276821428571426,1881.336,933.059,466.189,302.166,637.096,389.581,4609.429,0
7501071906718,CLOROX BLANCOS BRILLANTES QUITAMANCHAS BOTELLA 930 ML 7501071906718,CLOROX,CLOROX,"FABRIC TREATMENT and SANIT
",LIQUIDO,SAFE BLEACH,FABRIC TREATMENT,BLANCO,LIQUID & GEL,513.768,16816.141,2.990275,2662.428,1212.75,1100.548,700.505,1658.876,1072.968,8408.066,0
7501071906725,CLOROX BLANCOS INTENSOS BOT. PLAST 1890 ML NAL 7501071906725,CLOROX,CLOROX,"FABRIC TREATMENT and SANIT
",LIQUIDO,SAFE BLEACH,FABRIC TREATMENT,BLANCO,LIQUID & GEL,129.176,7775.78,2.5261660714285714,336.935,843.061,736.426,449.225,1024.068,498.186,3887.879,0
7501071906800,CLOROX ROPA COLOR DUO PACK BOTELLA 930ML C/U = 1860ML 7501071906800,CLOROX,CLOROX,"FABRIC TREATMENT and SANIT
",LIQUIDO,SAFE BLEACH,FABRIC TREATMENT,PRE LAVADOR,PRETREAT,4.486,218.033,3.091264285714286,0.047,106.688,0.0,2.283,0.0,0.0,109.015,0
7501071907074,CLOROX  BLANCOS BRILLANTES QUITAMANCHAS POUCH 500ML 7501071907074,CLOROX,CLOROX,"FABRIC TREATMENT and SANIT
",LIQUIDO,SAFE BLEACH,FABRIC TREATMENT,BLANCO,LIQUID & GEL,822.549,12920.417,9.856332142857143,596.078,780.964,1322.626,1075.125,1841.356,844.063,6460.205,0
7501071907401,CLOROX MASCOTAS CLORO DESINFECT C/DETERGENTE BP 930ML 7501071907401,CLOROX,CLOROX,"FABRIC TREATMENT and SANIT
",LIQUIDO,CLORO,CLORO,MASCOTAS,BLEACH,13.762,296.251,2.4955510204081635,48.327,77.615,4.972,5.819,6.743,4.648,148.127,0
7501071907425,CLOROX MASCOTAS CLORO DESINFECTANTE C/DETERGENTE GARRF 3.8L 7501071907425,CLOROX,CLOROX,"FABRIC TREATMENT and SANIT
",LIQUIDO,CLORO,CLORO,MASCOTAS,BLEACH,405.386,27566.591,3.4897607142857145,1389.626,3836.868,2191.958,1565.058,3335.472,1464.3129999999999,13783.296,0
7501071907517,CLOROX TRIPLE ACCION BLANQUEADOR PUREZA CITRICA GALON 10L 7501071907517,CLOROX,CLOROX,"FABRIC TREATMENT and SANIT
",LIQUIDO,CLORO,CLORO,NO DEFINIDO,BLEACH,0.764,71.372,3.2255833333333332,10.833,12.770999999999999,1.4849999999999999,0.099,8.222,2.277,35.685,0
7501071907654,CLOROX ANTISPLASH BLANQUEADOR+DETERGENTE GEL BP 500ML 7501071907654,CLOROX,CLOROX,"FABRIC TREATMENT and SANIT
",GEL,CLORO,CLORO,MULTIUSOS,BLEACH,3.968,40.236,2.2194754901960785,0.39499999999999996,18.408,0.5479999999999999,0.708,0.026999999999999996,0.036,20.114,0
7501071907661,CLOROX ANTISPLASH BLANQUEADOR+DETRG GEL BP 930ML 7501071907661,CLOROX,CLOROX,"FABRIC TREATMENT and SANIT
",GEL,CLORO,CLORO,MULTIUSOS,BLEACH,1849.177,29078.881,6.379876785714286,2574.651,3485.123,2330.569,2003.25,2218.006,1927.839,14539.443,0
7501071907692,CLOROX ANTISPLASH GEL BLANQUEADOR+ DETERGENTE BP 1890ML 7501071907692,CLOROX,CLOROX,"FABRIC TREATMENT and SANIT
",GEL,CLORO,CLORO,MULTIUSOS,BLEACH,826.477,22016.055,4.173744642857143,1194.377,3029.535,1920.527,1550.266,1738.378,1574.948,11008.024,0
7501071907715,CLOROX ANTISPLASH GEL BLANQ+DETERG MAGIA FLORAL BP 930ML 7501071907715,CLOROX,CLOROX,"FABRIC TREATMENT and SANIT
",GEL,CLORO,CLORO,MULTIUSOS,BLEACH,220.85399999999998,2902.456,3.3853941605839415,207.921,488.703,192.755,163.038,243.207,155.605,1451.227,0
7501071907722,CLOROX ANTISPLASH BLANQ+DET GEL FLORES DE LAVANDA BP 930ML 7501071907722,CLOROX,CLOROX,"FABRIC TREATMENT and SANIT
",GEL,CLORO,CLORO,MULTIUSOS,BLEACH,198.314,2653.584,3.2773778920308487,151.12800000000001,437.089,202.62300000000002,171.061,228.261,136.629,1326.793,0
7501071907784,CLOROX BLANQUEADOR PUREZA CITRICA GALON 10L 7501071907784,CLOROX,CLOROX,"FABRIC TREATMENT and SANIT
",LIQUIDO,CLORO,CLORO,NO DEFINIDO,BLEACH,40.931,4647.951,5.059427230046948,284.164,533.152,381.471,327.004,532.198,265.98900000000003,2323.973,0
7501071908385,CLOROX ANTISPLASH BLANQ+DET GEL BP 3800ML 7501071908385,CLOROX,CLOROX,"FABRIC TREATMENT and SANIT
",GEL,CLORO,CLORO,MULTIUSOS,BLEACH,43.272,2208.256,2.8474969696969694,81.517,272.287,204.453,152.786,305.53,87.554,1104.129,0
7501080900134,OXI CLEAN QUITAMANCHAS VERSATIL SOBRE 220 GR 7501080900134,CHURCH & DWIGHT,OXI CLEAN,"FABRIC TREATMENT and SANIT
",POLVO,SAFE BLEACH,FABRIC TREATMENT,PRE LAVADOR,POWDER,65.752,2653.556,2.2525762081784384,122.433,177.17499999999998,246.624,173.011,333.538,274.0,1326.775,0
7501080900141,OXI CLEAN QUITAMANCHAS VERSATIL SOBRE 420 GR 7501080900141,CHURCH & DWIGHT,OXI CLEAN,"FABRIC TREATMENT and SANIT
",POLVO,SAFE BLEACH,FABRIC TREATMENT,PRE LAVADOR,POWDER,780.955,54373.639,3.2440732142857143,4366.188,5142.879,4907.826,3372.486,6116.507,3280.934,27186.819,0
7501080900158,OXI CLEAN QUITAMANCHAS VERSATIL SOBRE 860 GR 7501080900158,CHURCH & DWIGHT,OXI CLEAN,"FABRIC TREATMENT and SANIT
",POLVO,SAFE BLEACH,FABRIC TREATMENT,PRE LAVADOR,POWDER,320.93,43254.596,2.2687125,3526.595,2950.283,4322.268,2699.976,6131.085,1997.094,21627.295,0
7501080900165,OXI CLEAN QUITAMANCHAS VERSATIL SOBRE 110 GR 7501080900165,CHURCH & DWIGHT,OXI CLEAN,"FABRIC TREATMENT and SANIT
",POLVO,SAFE BLEACH,FABRIC TREATMENT,PRE LAVADOR,POWDER,1631.291,35370.997,7.675228571428571,1870.183,4112.064,2982.437,2180.046,3463.172,3077.596,17685.499,0
7501080900585,OXI CLEAN SANITIZER QUITAMANCHAS ROPA AROMA FRESCO BOT1.13KG 7501080900585,CHURCH & DWIGHT,OXI CLEAN,"FABRIC TREATMENT and SANIT
",POLVO,PRELAVADOR,FABRIC TREATMENT,PRE LAVADOR,POWDER,79.846,20930.991,1.7064360902255638,1300.94,1499.043,1714.613,1072.0,3529.251,1349.655,10465.489,0
7501080952386,OXICLEAN GEL REMOVEDOR DE MANCHAS LIQ BOT 1.6 LT 7501080952386,CHURCH & DWIGHT,OXI CLEAN,"FABRIC TREATMENT and SANIT
",GEL,SAFE BLEACH,FABRIC TREATMENT,PRE LAVADOR,LIQUID & GEL,0.004,0.31,0.985,0.155,0.0,0.0,0.0,0.0,0.0,0.155,0
7501080952973,OXICLEAN POLVO BOTE 420 GR 7501080952973,CHURCH & DWIGHT,OXI CLEAN,"FABRIC TREATMENT and SANIT
",POLVO,SAFE BLEACH,FABRIC TREATMENT,PRE LAVADOR,POWDER,0.966,61.441,3.6902432432432435,0.0,0.714,27.831,0.41300000000000003,0.422,1.341,30.72,0
7501080952980,OXICLEAN POLVO BOTE 900GR +300GR= 1200 GR 7501080952980,CHURCH & DWIGHT,OXI CLEAN,"FABRIC TREATMENT and SANIT
",POLVO,SAFE BLEACH,FABRIC TREATMENT,PRE LAVADOR,POWDER,0.244,32.594,1.1730390625,1.838,1.2770000000000001,0.28,4.788,0.075,8.039,16.297,0
7501080952997,OXICLEAN POLVO BOTE 2.27 KG 7501080952997,CHURCH & DWIGHT,OXI CLEAN,"FABRIC TREATMENT and SANIT
",POLVO,SAFE BLEACH,FABRIC TREATMENT,PRE LAVADOR,POWDER,379.601,86867.487,3.4661714285714287,5179.472,7208.002,8549.605,4895.501,13107.767,4493.402,43433.738,0
7501080954786,OXI CLEAN ULTRA QUITAMANCHAS GEL BOL 200ML 7501080954786,CHURCH & DWIGHT,OXI CLEAN,"FABRIC TREATMENT and SANIT
",GEL,SAFE BLEACH,FABRIC TREATMENT,PRE LAVADOR,LIQUID & GEL,1003.157,22014.705,4.290117857142857,1523.429,2731.21,1752.439,1330.989,1983.551,1685.737,11007.35,0
7501080954793,OXI CLEAN ULTRA QUITAMANCHAS GEL BOL 600ML 7501080954793,CHURCH & DWIGHT,OXI CLEAN,"FABRIC TREATMENT and SANIT
",GEL,SAFE BLEACH,FABRIC TREATMENT,PRE LAVADOR,LIQUID & GEL,449.277,28128.314,3.2820125,1285.432,2434.565,2169.662,1741.492,4179.792,2253.217,14064.154,0
7501080955103,OXI CLEAN ULTRA QUITAMANCHAS GEL BOT PLAS 2LT 7501080955103,CHURCH & DWIGHT,OXI CLEAN,"FABRIC TREATMENT and SANIT
",GEL,SAFE BLEACH,FABRIC TREATMENT,PRE LAVADOR,LIQUID & GEL,423.167,71979.942,3.89365,4780.969,6210.0019999999995,7497.598,4072.434,10806.016,2622.957,35989.966,0
7501080955486,OXI CLEAN REMOVEDOR DE MANCHAS BOLSA 900ML 7501080955486,CHURCH & DWIGHT,OXI CLEAN,"FABRIC TREATMENT and SANIT
",LIQUIDO,SAFE BLEACH,FABRIC TREATMENT,PRE LAVADOR,PRETREAT,802.716,59909.182,3.5121285714285713,2943.3089999999997,4562.395,5694.09,4237.486,8615.54,3901.77,29954.592,0
7501080955530,OXI CLEAN QUITAMANCHAS VERSATIL SOBRE 140GR 7501080955530,CHURCH & DWIGHT,OXI CLEAN,"FABRIC TREATMENT and SANIT
",POLVO,SAFE BLEACH,FABRIC TREATMENT,PRE LAVADOR,POWDER,0.394,7.418,3.8208860759493675,0.0,2.946,0.0,0.17099999999999999,0.393,0.19899999999999998,3.709,0
7501126570598,CLOROX  BLANQUEADOR LIQ. BOT 500ML +MM PINZAS P/ROPA NAL 7501126570598,CLOROX,CLOROX,"FABRIC TREATMENT and SANIT
",LIQUIDO,CLORO,CLORO,NO DEFINIDO,BLEACH,0.73,85.06400000000001,1.1092014134275618,3.479,17.85,8.037,6.358,6.808,0.0,42.532000000000004,0
7501205412122,CLORALEX AROMA CLORO LIQUIDO FLORAL BP 2L 7501205412122,INDS. ALEN,CLORALEX,"FABRIC TREATMENT and SANIT
",LIQUIDO,CLORO,CLORO,NO DEFINIDO,BLEACH,1660.433,44655.963,8.462767857142856,4798.227,9981.056,1679.484,1513.638,1684.668,2670.903,22327.987,0
7501268200001,LA VALENCIANA BOT.PLAST. 1000ML NAL. 7501268200001,BLANQUEADORA MEXICANA,LA VALENCIANA,"FABRIC TREATMENT and SANIT
",LIQUIDO,CLORO,CLORO,NO DEFINIDO,BLEACH,352.06,3531.929,17.572283095723016,0.977,9.799,6.315,1513.254,105.499,130.15200000000002,1765.933,0
7501268200025,LOS PATITOS SUPER.CONCENT.BOTELLA 1000ML NAL. 7501268200025,BLANQUEADORA MEXICANA,LOS PATITOS,"FABRIC TREATMENT and SANIT
",LIQUIDO,CLORO,CLORO,NO DEFINIDO,BLEACH,1740.937,18782.443,46.11279076086957,0.621,1.7,422.984,552.5649999999999,8410.175,3.18,9391.218,0
7501268200049,LOS PATITOS BLANQUEADOR REGULAR BOT PLAST 2 LT NAL 7501268200049,BLANQUEADORA MEXICANA,LOS PATITOS,"FABRIC TREATMENT and SANIT
",LIQUIDO,CLORO,CLORO,NO DEFINIDO,BLEACH,3213.924,60281.249,19.376116363636363,11.35,51.849,1259.299,2317.438,25576.305,924.391,30140.617,0
7501268200070,LOS PATITOS BOT.PLAST. 4000 MLNAL. 7501268200070,BLANQUEADORA MEXICANA,LOS PATITOS,"FABRIC TREATMENT and SANIT
",LIQUIDO,CLORO,CLORO,NO DEFINIDO,BLEACH,1338.66,47801.884,13.007083182640145,22.269,39.59,793.392,1727.252,20566.607,751.83,23900.944,0
7501268200261,LOS PATITOS BLANQUEADOR REGULAR BOT PLAST 6LT NAL 7501268200261,BLANQUEADORA MEXICANA,LOS PATITOS,"FABRIC TREATMENT and SANIT
",LIQUIDO,CLORO,CLORO,NO DEFINIDO,BLEACH,265.897,13472.132,6.993124183006536,0.0,8.705,68.709,1018.08,5605.252,35.324,6736.062,0
7501268200339,LA VALENCIANA BLANQUEADOR REGULAR BOT PLAS 4000 ML 7501268200339,BLANQUEADORA MEXICANA,LA VALENCIANA,"FABRIC TREATMENT and SANIT
",LIQUIDO,CLORO,CLORO,NO DEFINIDO,BLEACH,93.234,2894.502,17.93817906336088,0.547,0.0,3.604,1263.5720000000001,81.214,98.316,1447.249,0
7501268200506,LA VALENCIANA BLANQUEADOR REGULAR BOT PLAS 2000 ML 7501268200506,BLANQUEADORA MEXICANA,LA VALENCIANA,"FABRIC TREATMENT and SANIT
",LIQUIDO,CLORO,CLORO,NO DEFINIDO,BLEACH,26.366,536.46,8.392790996784566,0.0,0.0,0.0,252.98,3.831,11.442,268.207,0
7501268200513,LOS PATITOS BLANQUEADOR P.ROPA BOT 920ML 7501268200513,BLANQUEADORA MEXICANA,LOS PATITOS,"FABRIC TREATMENT and SANIT
",LIQUIDO,CLORO,CLORO,NO DEFINIDO,BLEACH,222.271,2407.951,8.434854166666666,0.274,4.625,28.7,126.125,706.9110000000001,337.35,1203.966,0
7501681100018,BANDERA BLANQUEADOR LIMPIA DESEINFECTA BOT PLAS 960 ML 7501681100018,JABONERA LA ESPUMA,BANDERA,"FABRIC TREATMENT and SANIT
",LIQUIDO,CLORO,CLORO,NO DEFINIDO,BLEACH,114.41799999999999,926.341,210.7825633187773,0.0,0.0,296.284,166.877,0.01,0.0,463.17,0
7501681100049,B'CLORHADA BLANQUEADOR CONCENTRADO BOT 960 ML 7501681100049,JABONERA LA ESPUMA,BANDERA,"FABRIC TREATMENT and SANIT
",LIQUIDO,CLORO,CLORO,NO DEFINIDO,BLEACH,0.002,0.018,1.0,0.0,0.009,0.0,0.0,0.0,0.0,0.009,0
7501681100087,BANDERA BOT.PLAS 3800ML NAL 7501681100087,JABONERA LA ESPUMA,BANDERA,"FABRIC TREATMENT and SANIT
",LIQUIDO,CLORO,CLORO,NO DEFINIDO,BLEACH,115.358,3782.641,11.187278008298755,0.0,1852.488,38.801,0.037,0.0,0.0,1891.315,0
7501681100209,BANDERA BOT PLAST LAVANDA 3.8LT NAL 7501681100209,JABONERA LA ESPUMA,BANDERA,"FABRIC TREATMENT and SANIT
",LIQUIDO,CLORO,CLORO,NO DEFINIDO,BLEACH,159.396,5259.794,13.634062499999999,0.0,2629.897,0.0,0.0,0.0,0.0,2629.897,0
7501681100216,BANDERA BOT PLAST LIMON 3.8LT NAL 7501681100216,JABONERA LA ESPUMA,BANDERA,"FABRIC TREATMENT and SANIT
",LIQUIDO,CLORO,CLORO,NO DEFINIDO,BLEACH,144.722,4779.298,12.493224999999999,0.0,2389.649,0.0,0.0,0.0,0.0,2389.649,0
7501681100223,BANDERA CLORHADA BLANQUEADOR CONCENTRADO LIMON BOT 4LT 7501681100223,JABONERA LA ESPUMA,BANDERA,"FABRIC TREATMENT and SANIT
",LIQUIDO,CLORO,CLORO,NO DEFINIDO,BLEACH,2799.582,88187.933,15.705333928571427,3165.023,11273.11,5871.104,7172.481,4938.967,11673.289,44093.959,0
7501681100254,B'CLORHADA CLORO EN GEL+ DETERGENTE FLORAL BP 1LT NAL 7501681100254,JABONERA LA ESPUMA,BANDERA,"FABRIC TREATMENT and SANIT
",GEL,CLORO,CLORO,MULTIUSOS,BLEACH,738.092,12119.735,8.378849731663685,338.321,1606.482,552.033,703.79,1790.9,1068.344,6059.865,0
7501681100292,B'CLORHADA CLORO EN GEL+DETERGENTE FLORAL BOT 2LT NAL 7501681100292,JABONERA LA ESPUMA,BANDERA,"FABRIC TREATMENT and SANIT
",GEL,CLORO,CLORO,MULTIUSOS,BLEACH,549.927,15162.192,5.243144642857143,716.957,1636.281,1135.388,1023.029,1892.241,1177.204,7581.092,0
7501681100384,B'CLORHADA CLORO EN GEL + DETERGENTE FLORAL BOT 700ML NAL 7501681100384,JABONERA LA ESPUMA,BANDERA,"FABRIC TREATMENT and SANIT
",GEL,CLORO,CLORO,MULTIUSOS,BLEACH,298.08299999999997,3889.325,6.492422182468695,9.952,18.726,436.308,182.112,1052.765,244.815,1944.647,0
7501681100421,BCLORHADA CLORO+DETERGENTE MASCOTAS BOTELLA 1 LT 7501681100421,JABONERA LA ESPUMA,BANDERA,"FABRIC TREATMENT and SANIT
",LIQUIDO,CLORO,CLORO,MASCOTAS,BLEACH,1071.972,17867.678,11.186194642857144,693.149,1423.535,655.8,2108.12,2877.695,1175.5430000000001,8933.836,0
7501681100438,BANDERA CLORHADA AROMA NAVIDENO BOT PLAS 3.8 LT 7501681100438,JABONERA LA ESPUMA,BANDERA,"FABRIC TREATMENT and SANIT
",LIQUIDO,CLORO,CLORO,NO DEFINIDO,BLEACH,93.922,2506.899,4.411890625,140.099,313.11899999999997,243.35999999999999,224.725,85.937,246.219,1253.44,0
7501681100445,BANDERA CLORHADA FLORES EXOTICAS GARRAFON 3.8 L NAL 7501681100445,JABONERA LA ESPUMA,BANDERA,"FABRIC TREATMENT and SANIT
",LIQUIDO,CLORO,CLORO,NO DEFINIDO,BLEACH,23.396,461.07,4.9979324675324674,9.928,135.114,30.697,21.433,15.582,17.784,230.532,0
7501681100469,B'CLORHADA CLORO EN GEL+DETERGENTE BOTE 1LT 7501681100469,JABONERA LA ESPUMA,BANDERA,"FABRIC TREATMENT and SANIT
",GEL,CLORO,CLORO,MULTIUSOS,BLEACH,1259.239,21242.292,9.654882142857144,819.205,1881.319,1790.772,1713.778,2337.462,2078.607,10621.149,0
7501681100513,B'CLORHADA CLORO EN GEL+DETERGENTE RELAXING CITRUS BP 1LT 7501681100513,JABONERA LA ESPUMA,BANDERA,"FABRIC TREATMENT and SANIT
",GEL,CLORO,CLORO,MULTIUSOS,BLEACH,791.043,10525.474,11.412475925925927,436.659,927.236,946.075,925.656,1052.2169999999999,974.904,5262.727,0
7501681100643BP1,B'CLORHADA CLORO GEL+DET BOT 1LT+MM BLANQ CONCENT BOT 960 ML 7501681100643BP1,JABONERA LA ESPUMA,BANDERA,"FABRIC TREATMENT and SANIT
",GEL,CLORO,CLORO,MULTIUSOS,BLEACH,319.045,4736.74,8.527751391465676,189.218,721.726,350.17900000000003,289.388,553.334,264.522,2368.373,0
7501681100643BP2,B'CLORHADA BLANQ CONCENT BOT 960 ML+MM CLORO GEL+DET BOT 1LT 7501681100643BP2,JABONERA LA ESPUMA,BANDERA,"FABRIC TREATMENT and SANIT
",LIQUIDO,CLORO,CLORO,NO DEFINIDO,BLEACH,319.045,2333.037,8.527751391465676,93.197,355.482,172.475,142.535,272.539,130.292,1166.517,0
7501681100650BP1,B'CLORHADA CLORO+DET MASCOT BOT 1 L+MM BLANQ CONC BOT 960 ML 7501681100650BP1,JABONERA LA ESPUMA,BANDERA,"FABRIC TREATMENT and SANIT
",LIQUIDO,CLORO,CLORO,MASCOTAS,BLEACH,335.391,5029.656,8.53745925925926,226.841,471.423,420.562,400.181,637.1129999999999,358.712,2514.824,0
7501681100650BP2,B'CLORHADA BLANQ CONC BOT 960 ML+MM CLORO+DET MASCOT BOT 1 L 7501681100650BP2,JABONERA LA ESPUMA,BANDERA,"FABRIC TREATMENT and SANIT
",LIQUIDO,CLORO,CLORO,NO DEFINIDO,BLEACH,335.391,2366.89,8.53745925925926,106.75,221.84199999999998,197.908,188.321,299.817,168.808,1183.444,0
7501681100674,BCLORHADA CLORO+DETERGENTE MASCOTAS BOTELLA 3.8LT 7501681100674,JABONERA LA ESPUMA,BANDERA,"FABRIC TREATMENT and SANIT
",LIQUIDO,CLORO,CLORO,MASCOTAS,BLEACH,116.745,7538.321,3.17305,573.501,611.099,109.96000000000001,326.37,1561.681,586.559,3769.151,0
7501681100766,BANDERA CLORHADA CLORO CONCENTRADO SIN AROMA BOT 3.8LT 7501681100766,JABONERA LA ESPUMA,BANDERA,"FABRIC TREATMENT and SANIT
",LIQUIDO,CLORO,CLORO,NO DEFINIDO,BLEACH,1043.71,33051.073,8.668182142857143,1336.998,2805.342,2713.886,2673.359,1561.166,5434.784,16525.538,0
7501681100773,BANDERA CLORHADA CONCENTRADO BOT. PLAS 2000 ML NAL 7501681100773,JABONERA LA ESPUMA,BANDERA,"FABRIC TREATMENT and SANIT
",LIQUIDO,CLORO,CLORO,NO DEFINIDO,BLEACH,1494.602,28170.490999999998,10.389148214285713,878.49,7551.74,976.442,1109.537,777.373,2791.664,14085.245,0
7501681101299,BCLORHADA CLORO GEL+DETERG AROMATERAPIA MAGIA NAVIDENA BP1LT 7501681101299,JABONERA LA ESPUMA,BCLORHADA,"FABRIC TREATMENT and SANIT
",GEL,CLORO,CLORO,MULTIUSOS,BLEACH,30.739,425.907,3.9420928074245936,25.496,46.605000000000004,41.07,32.677,35.692,31.429,212.938,0
7501681101305BP1,BCLORHADA MASC DET DES C/CLOR1L+MM MASCHOGAR DET DESS/CLOR1L 7501681101305BP1,JABONERA LA ESPUMA,BCLORHADA,"FABRIC TREATMENT and SANIT
",LIQUIDO,CLORO,CLORO,MASCOTAS,BLEACH,17.718,140.369,7.307678571428572,9.7,11.775,12.997,12.128,12.822,10.765,70.182,0
7502240948188BP1,CLOROX BLANQ930M+MMBLANQINOD709M+MMFIBRAULTRA1P+MMCUBETA1P 7502240948188BP1,CLOROX,CLOROX,"FABRIC TREATMENT and SANIT
",LIQUIDO,CLORO,CLORO,NO DEFINIDO,BLEACH,0.22,11.852,1.4485714285714286,0.0,5.926,0.0,0.0,0.0,0.0,5.926,0
7502267450312,STORM DESINFECTANTE Y BLANCURA BOTE DE 3.785 7502267450312,OTHERS FABRICANTE UNIF.,OTHERS MARCA UNIF.,"FABRIC TREATMENT and SANIT
",LIQUIDO,CLORO,CLORO,NO DEFINIDO,BLEACH,123.03,3325.128,37.76896428571428,0.0,1662.564,0.0,0.0,0.0,0.0,1662.564,0
7502275145897,DR BECKMANN OXI MAGIC PLUS QUITAMANCHAS BOTE 1KG 7502275145897,DELTA PRONATURA,DR.BECKMANN,"FABRIC TREATMENT and SANIT
",POLVO,SAFE BLEACH,FABRIC TREATMENT,PRE LAVADOR,POWDER,211.529,31106.762,2.6227714285714283,1280.981,2419.073,2812.237,1961.297,5558.836,1520.953,15553.385,0
7502283280818,EXGERM DESINFECTANTE DE ROPA BOTELLA 1 LT 7502283280818,OTHERS FABRICANTE UNIF.,OTHERS MARCA UNIF.,"FABRIC TREATMENT and SANIT
",LIQUIDO,SANITIZANTE,SANITIZANTE,SANITIZANTE,SANITIZER,5.156,258.119,2.070718061674009,4.753,58.313,6.467,12.275,15.384,31.875,129.052,0
7503000256017,CLOROMAX BOT.PLAS 1000ML 7503000256017,OTHERS FABRICANTE UNIF.,OTHERS MARCA UNIF.,"FABRIC TREATMENT and SANIT
",LIQUIDO,CLORO,CLORO,NO DEFINIDO,BLEACH,0.04,0.394,1.3333333333333333,0.0,0.0,0.0,0.01,0.0,0.187,0.197,0
7503002319529,VANISH LIQUIDO BOTELLA 925ML  NAL. 7503002319529,RECKITT,VANISH,"FABRIC TREATMENT and SANIT
",LIQUIDO,SAFE BLEACH,FABRIC TREATMENT,ROSA,LIQUID & GEL,2937.696,162102.968,7.4058214285714286,12929.916,16357.725,12978.113,9784.651,17205.622,11795.456,81051.485,0
7503002319536,VANISH LIQ. BOTELLA 1750ML NAL. 7503002319536,RECKITT,VANISH,"FABRIC TREATMENT and SANIT
",LIQUIDO,SAFE BLEACH,FABRIC TREATMENT,ROSA,LIQUID & GEL,749.803,73329.472,3.8718571428571424,5559.274,7482.654,5621.272,3629.343,10886.015,3486.176,36664.738,0
7503025939353,KUXTAL BIO BLANQUEADOR EN POLVO P/ROPA BOTE 500GR 7503025939353,OTHERS FABRICANTE UNIF.,OTHERS MARCA UNIF.,"FABRIC TREATMENT and SANIT
",POLVO,CLORO,CLORO,NO DEFINIDO,BLEACH,51.186,2833.257,3.096439252336449,40.873,258.46,135.981,344.74,625.356,11.221,1416.626,0
7503031116083,MAS CLORO BLANQUEADOR BOT 1.89LT 7503031116083,OTHERS FABRICANTE UNIF.,OTHERS MARCA UNIF.,"FABRIC TREATMENT and SANIT
",LIQUIDO,CLORO,CLORO,NO DEFINIDO,BLEACH,66.86,1441.777,1.76836460554371,119.932,197.634,105.91799999999999,76.087,115.654,105.665,720.887,0
7503544040257,LA SILLA CLORO REGULAR GARRAFON 3.75 LT NAL 7503544040257,OTHERS FABRICANTE UNIF.,OTHERS MARCA UNIF.,"FABRIC TREATMENT and SANIT
",LIQUIDO,CLORO,CLORO,NO DEFINIDO,BLEACH,0.97,49.369,2.5867870967741937,0.0,24.325,0.206,0.154,0.0,0.0,24.684,0
7702137007152,CLOROX ROPA BLANCOS ULTRA QUITAMANCHAS BOL 450GR 7702137007152,CLOROX,CLOROX,"FABRIC TREATMENT and SANIT
",POLVO,SAFE BLEACH,FABRIC TREATMENT,BLANCO,POWDER,326.599,21845.268,2.509832142857143,920.096,2068.696,1721.586,1347.063,3204.358,1660.838,10922.631,0
7702137007169,CLOROX ROPA COLORES ULTRA QUITAMANCHAS BOL 450GR 7702137007169,CLOROX,CLOROX,"FABRIC TREATMENT and SANIT
",POLVO,SAFE BLEACH,FABRIC TREATMENT,PRE LAVADOR,POWDER,175.578,11821.423,1.8562517857142857,497.731,886.551,1041.807,871.781,1770.944,841.899,5910.71,0
7702137007183,CLOROX ROPA COLORES ULTRA QUITAMANCHAS BOL 900GR 7702137007183,CLOROX,CLOROX,"FABRIC TREATMENT and SANIT
",POLVO,SAFE BLEACH,FABRIC TREATMENT,PRE LAVADOR,POWDER,0.082,5.938,1.6590909090909092,0.0,2.17,0.6940000000000001,0.10500000000000001,0.0,0.0,2.969,0
7702626204208BP1,VANISH PODER 02 INTELIGENCE SIN CLORO SOBRE 30 G IMP 7702626204208BP1,RECKITT,VANISH,"FABRIC TREATMENT and SANIT
",POLVO,SAFE BLEACH,FABRIC TREATMENT,ROSA,POWDER,2076.992,22497.413,14.581694642857142,1171.356,2070.907,2026.861,1848.788,1964.344,2166.4519999999998,11248.705,0
7702626213774,VANISH OXI ACTION ROSA QUITAMANCHAS DOYPACK 240 GR 7702626213774,RECKITT,VANISH,"FABRIC TREATMENT and SANIT
",POLVO,SAFE BLEACH,FABRIC TREATMENT,ROSA,POWDER,801.862,43061.958,3.2423285714285712,2176.198,4146.734,3441.769,2740.237,5528.209,3497.833,21530.978,0
7702626213781,VANISH OXI ACTION CRISTAL WHITE DOYPACK 240 GR 7702626213781,RECKITT,VANISH,"FABRIC TREATMENT and SANIT
",POLVO,SAFE BLEACH,FABRIC TREATMENT,BLANCO,POWDER,928.342,50615.937,3.9037053571428566,2749.146,5570.264,3864.816,2938.594,6273.713,3911.437,25307.967,0
7891035040191,VANISH QUITAMANCHAS PRELAVADOR BARRA 75GR 7891035040191,RECKITT,VANISH,"FABRIC TREATMENT and SANIT
",BARRA,SAFE BLEACH,FABRIC TREATMENT,ROSA,BAR,2.38,30.352,1.9122244224422442,0.206,0.5609999999999999,0.706,3.2079999999999997,3.943,6.563,15.165,0
7891035040276,VANISH SUPER BARRA WHITE QUITA MANCHAS 68GR 7891035040276,RECKITT,VANISH,"FABRIC TREATMENT and SANIT
",BARRA,SAFE BLEACH,FABRIC TREATMENT,BLANCO,BAR,6988.174,86985.746,19.689442857142858,5508.787,12718.148,5145.412,4909.213,8006.353,7204.9619999999995,43492.871,0
8410907050053,IBERIA BLANCO NUCLEAR BLANQUEADOR REG CAJA 6SOB=120GR 8410907050053,IBERIA,IBERIA,"FABRIC TREATMENT and SANIT
",POLVO,CLORO,CLORO,NO DEFINIDO,BLEACH,46.722,3215.663,3.1121285714285714,56.322,269.917,295.633,253.053,523.096,209.816,1607.826,0
8411660210012,IBERIA REVOLUTION QUITA MANCHAS DIARIAS ROLL ON BOT 200 ML 8411660210012,IBERIA,IBERIA,"FABRIC TREATMENT and SANIT
",LIQUIDO,SAFE BLEACH,FABRIC TREATMENT,PRE LAVADOR,PRETREAT,10.238,626.908,1.7914892473118278,8.929,73.323,53.692,48.05,103.262,26.204,313.448,0
8411660210029,IBERIA REVOLUTION QUITA MANCHAS RESISTENTES BOT PLAS 200ML 8411660210029,IBERIA,IBERIA,"FABRIC TREATMENT and SANIT
",LIQUIDO,SAFE BLEACH,FABRIC TREATMENT,PRE LAVADOR,PRETREAT,48.142,3230.434,1.8271660714285713,147.041,326.968,298.22,227.013,421.46,194.516,1615.216,0
8411660210036,IBERIA REVOLUTION QUITA MANCHAS ACCIDENTALES BOT 150 ML 8411660210036,IBERIA,IBERIA,"FABRIC TREATMENT and SANIT
",LIQUIDO,SAFE BLEACH,FABRIC TREATMENT,PRE LAVADOR,PRETREAT,59.555,4038.177,1.9840250000000001,203.302,339.906,374.242,275.092,606.194,220.368,2019.073,0
